,OBJECTID,TRACTCE10,POP,LATPOP_D,WHIPOP_D,BLAPOP_D,AMIPOP_D,ASIPOP_D,HPIPOP_D,OTHPOP_D,MMRPOP_D,VAP,LATVAP_D,WHIVAP_D,BLAVAP_D,AMIVAP_D,ASIVAP_D,HPIVAP_D,OTHVAP_D,MMRVAP_D,H0010001,H0010002,H0010003,TOOLTIP,NLA_URL
0,1,101110,4731,1324,2656,83,24,580,15,37,12,3800,930,2268,64,22,466,14,27,9,1734,1641,93,Tract: 1011.10\nTotal Population: 4731,navigatela/reports/census_tracts_2010.cfm?PK=101110
1,2,101122,3664,575,2437,34,18,578,3,12,7,3018,413,2066,22,17,481,2,10,7,1369,1325,44,Tract: 1011.22\nTotal Population: 3664,navigatela/reports/census_tracts_2010.cfm?PK=101122
2,3,101210,5990,2219,2890,192,16,625,16,15,17,4614,1479,2404,143,15,537,13,11,12,2317,2150,167,Tract: 1012.10\nTotal Population: 5990,navigatela/reports/census_tracts_2010.cfm?PK=101210
3,4,101220,3363,1272,1662,45,25,335,6,6,12,2607,861,1414,24,21,270,6,4,7,1317,1246,71,Tract: 1012.20\nTotal Population: 3363,navigatela/reports/census_tracts_2010.cfm?PK=101220
4,5,101300,4199,503,3190,47,26,402,10,10,11,3495,371,2714,35,20,329,9,9,8,1582,1542,40,Tract: 1013.00\nTotal Population: 4199,navigatela/reports/census_tracts_2010.cfm?PK=101300
5,6,101400,3903,721,2649,64,23,415,8,10,13,3221,520,2276,46,21,334,7,9,8,1568,1498,70,Tract: 1014.00\nTotal Population: 3903,navigatela/reports/census_tracts_2010.cfm?PK=101400
6,7,102103,1740,375,1114,23,9,203,12,1,3,1471,298,968,18,9,164,12,1,1,680,630,50,Tract: 1021.03\nTotal Population: 1740,navigatela/reports/census_tracts_2010.cfm?PK=102103
7,8,102104,3648,533,2437,94,8,537,6,16,17,3092,442,2081,75,8,457,5,10,14,1326,1279,47,Tract: 1021.04\nTotal Population: 3648,navigatela/reports/census_tracts_2010.cfm?PK=102104
8,9,102105,1731,1136,413,15,2,152,3,6,4,1338,829,365,11,2,123,3,3,2,560,527,33,Tract: 1021.05\nTotal Population: 1731,navigatela/reports/census_tracts_2010.cfm?PK=102105
9,10,102107,3851,1039,2310,109,32,308,18,16,19,3137,729,2016,80,28,253,9,11,11,1326,1269,57,Tract: 1021.07\nTotal Population: 3851,navigatela/reports/census_tracts_2010.cfm?PK=102107
10,11,103101,2670,566,1761,29,17,280,6,8,3,2154,394,1487,18,14,228,5,5,3,948,918,30,Tract: 1031.01\nTotal Population: 2670,navigatela/reports/census_tracts_2010.cfm?PK=103101
11,12,103102,4751,1351,2646,30,34,658,7,19,6,3827,985,2233,28,27,531,7,12,4,1708,1627,81,Tract: 1031.02\nTotal Population: 4751,navigatela/reports/census_tracts_2010.cfm?PK=103102
12,13,103200,6146,1782,3462,275,51,512,9,26,29,4987,1277,2983,225,40,407,9,22,24,2284,2181,103,Tract: 1032.00\nTotal Population: 6146,navigatela/reports/census_tracts_2010.cfm?PK=103200
13,14,103300,3819,744,2710,42,25,267,7,10,14,3039,516,2233,26,23,216,6,9,10,1400,1322,78,Tract: 1033.00\nTotal Population: 3819,navigatela/reports/census_tracts_2010.cfm?PK=103300
14,15,103400,6143,1540,3786,114,41,597,9,20,36,5001,1095,3247,84,35,493,8,16,23,2484,2342,142,Tract: 1034.00\nTotal Population: 6143,navigatela/reports/census_tracts_2010.cfm?PK=103400
15,16,104103,4085,2918,307,523,5,290,1,16,25,2947,1990,262,422,5,234,1,14,19,842,817,25,Tract: 1041.03\nTotal Population: 4085,navigatela/reports/census_tracts_2010.cfm?PK=104103
16,17,104105,5412,4472,223,355,8,318,7,10,19,3643,2886,189,278,8,255,7,7,13,1456,1391,65,Tract: 1041.05\nTotal Population: 5412,navigatela/reports/census_tracts_2010.cfm?PK=104105
17,18,104108,5256,4169,253,596,11,190,0,10,27,3610,2751,213,457,8,156,0,3,22,1346,1291,55,Tract: 1041.08\nTotal Population: 5256,navigatela/reports/census_tracts_2010.cfm?PK=104108
18,19,104124,3652,2011,797,566,16,228,5,8,21,2683,1388,662,414,13,182,3,5,16,960,902,58,Tract: 1041.24\nTotal Population: 3652,navigatela/reports/census_tracts_2010.cfm?PK=104124
19,20,104201,4780,4293,50,393,5,8,0,4,27,3250,2861,39,320,3,6,0,3,18,885,848,37,Tract: 1042.01\nTotal Population: 4780,navigatela/reports/census_tracts_2010.cfm?PK=104201
20,21,104203,5210,4708,67,324,9,70,10,16,6,3469,3044,54,281,6,64,5,10,5,1158,1085,73,Tract: 1042.03\nTotal Population: 5210,navigatela/reports/census_tracts_2010.cfm?PK=104203
21,22,104204,2886,2084,285,246,4,253,2,3,9,2059,1374,266,205,3,198,2,3,8,597,573,24,Tract: 1042.04\nTotal Population: 2886,navigatela/reports/census_tracts_2010.cfm?PK=104204
22,23,104310,4921,4624,81,191,5,8,0,6,6,3350,3100,68,163,5,7,0,5,2,931,886,45,Tract: 1043.10\nTotal Population: 4921,navigatela/reports/census_tracts_2010.cfm?PK=104310
23,24,104320,5998,5464,67,356,14,85,0,4,8,4133,3672,48,309,10,83,0,4,7,1359,1265,94,Tract: 1043.20\nTotal Population: 5998,navigatela/reports/census_tracts_2010.cfm?PK=104320
24,25,104401,3357,3248,71,2,12,20,1,2,1,2361,2260,66,2,11,20,1,0,1,725,682,43,Tract: 1044.01\nTotal Population: 3357,navigatela/reports/census_tracts_2010.cfm?PK=104401
25,26,104403,3282,3159,58,16,5,31,0,12,1,2327,2230,46,12,5,28,0,5,1,717,657,60,Tract: 1044.03\nTotal Population: 3282,navigatela/reports/census_tracts_2010.cfm?PK=104403
26,27,104404,3236,3112,57,35,7,19,0,6,0,2249,2146,47,30,6,17,0,3,0,694,662,32,Tract: 1044.04\nTotal Population: 3236,navigatela/reports/census_tracts_2010.cfm?PK=104404
27,28,104500,3293,3137,107,20,1,25,2,1,0,2265,2140,83,16,1,22,2,1,0,748,685,63,Tract: 1045.00\nTotal Population: 3293,navigatela/reports/census_tracts_2010.cfm?PK=104500
28,29,104610,3672,3574,50,17,6,13,6,6,0,2518,2446,37,14,6,11,3,1,0,785,729,56,Tract: 1046.10\nTotal Population: 3672,navigatela/reports/census_tracts_2010.cfm?PK=104610
29,30,104620,3539,3420,72,10,19,13,0,2,3,2499,2400,58,10,15,13,0,2,1,796,722,74,Tract: 1046.20\nTotal Population: 3539,navigatela/reports/census_tracts_2010.cfm?PK=104620
30,31,104701,4208,4018,36,121,3,13,0,10,7,2532,2418,28,68,2,12,0,1,3,931,900,31,Tract: 1047.01\nTotal Population: 4208,navigatela/reports/census_tracts_2010.cfm?PK=104701
31,32,104703,2397,2264,69,44,2,12,0,1,5,1617,1510,58,36,2,8,0,1,2,584,557,27,Tract: 1047.03\nTotal Population: 2397,navigatela/reports/census_tracts_2010.cfm?PK=104703
32,33,104704,4219,3238,233,562,13,148,12,5,8,2840,2077,196,434,9,108,7,2,7,1159,1117,42,Tract: 1047.04\nTotal Population: 4219,navigatela/reports/census_tracts_2010.cfm?PK=104704
33,34,104810,5328,4996,158,28,4,114,19,6,3,3697,3415,139,23,4,98,13,3,2,1132,1028,104,Tract: 1048.10\nTotal Population: 5328,navigatela/reports/census_tracts_2010.cfm?PK=104810
34,35,104821,3514,3269,118,40,10,66,0,6,5,2424,2225,100,22,10,59,0,5,3,834,760,74,Tract: 1048.21\nTotal Population: 3514,navigatela/reports/census_tracts_2010.cfm?PK=104821
35,36,104822,2277,1998,75,24,4,167,0,4,5,1551,1312,61,17,3,151,0,4,3,614,562,52,Tract: 1048.22\nTotal Population: 2277,navigatela/reports/census_tracts_2010.cfm?PK=104822
36,37,106010,3152,2115,621,167,15,201,2,10,21,2381,1490,547,134,13,170,2,8,17,962,930,32,Tract: 1060.10\nTotal Population: 3152,navigatela/reports/census_tracts_2010.cfm?PK=106010
37,38,106020,5557,4241,903,148,22,200,4,20,19,4056,2947,787,110,19,162,4,14,13,1433,1385,48,Tract: 1060.20\nTotal Population: 5557,navigatela/reports/census_tracts_2010.cfm?PK=106020
38,39,106111,4334,2552,1194,209,23,328,3,14,11,3336,1816,1042,165,22,271,3,11,6,1345,1313,32,Tract: 1061.11\nTotal Population: 4334,navigatela/reports/census_tracts_2010.cfm?PK=106111
39,40,106112,5969,4092,1007,225,39,565,6,18,17,4325,2807,871,161,24,434,6,14,8,1501,1462,39,Tract: 1061.12\nTotal Population: 5969,navigatela/reports/census_tracts_2010.cfm?PK=106112
40,41,106113,3493,2670,550,76,20,157,4,2,14,2577,1860,491,67,15,129,4,2,9,884,850,34,Tract: 1061.13\nTotal Population: 3493,navigatela/reports/census_tracts_2010.cfm?PK=106113
41,42,106114,5880,4995,439,228,27,159,1,12,19,4011,3272,388,175,22,132,1,9,12,1622,1500,122,Tract: 1061.14\nTotal Population: 5880,navigatela/reports/census_tracts_2010.cfm?PK=106114
42,43,106403,3825,3401,296,48,5,62,5,7,1,2692,2332,266,37,3,49,3,1,1,863,817,46,Tract: 1064.03\nTotal Population: 3825,navigatela/reports/census_tracts_2010.cfm?PK=106403
43,44,106405,3966,3165,400,237,13,136,1,9,5,2767,2107,365,163,7,115,1,4,5,1174,1118,56,Tract: 1064.05\nTotal Population: 3966,navigatela/reports/census_tracts_2010.cfm?PK=106405
44,45,106406,4962,3514,934,137,37,311,5,13,11,3622,2390,846,107,24,241,3,6,5,1670,1359,311,Tract: 1064.06\nTotal Population: 4962,navigatela/reports/census_tracts_2010.cfm?PK=106406
45,46,106407,2933,2235,410,193,8,68,6,4,9,2095,1459,398,158,8,59,5,2,6,872,822,50,Tract: 1064.07\nTotal Population: 2933,navigatela/reports/census_tracts_2010.cfm?PK=106407
46,47,106408,3463,3005,156,122,8,150,0,10,12,2226,1874,134,90,4,113,0,5,6,996,915,81,Tract: 1064.08\nTotal Population: 3463,navigatela/reports/census_tracts_2010.cfm?PK=106408
47,48,106510,5108,3261,1027,357,24,403,3,14,19,3521,2050,882,211,20,330,2,11,15,1538,1446,92,Tract: 1065.10\nTotal Population: 5108,navigatela/reports/census_tracts_2010.cfm?PK=106510
48,49,106520,5837,4983,662,77,26,76,1,3,9,4199,3448,595,60,19,69,1,2,5,1463,1395,68,Tract: 1065.20\nTotal Population: 5837,navigatela/reports/census_tracts_2010.cfm?PK=106520
49,50,106603,2979,475,1662,109,17,674,3,10,29,2410,345,1384,89,10,553,2,8,19,992,965,27,Tract: 1066.03\nTotal Population: 2979,navigatela/reports/census_tracts_2010.cfm?PK=106603
50,51,106604,5020,4288,401,108,22,182,6,6,7,3459,2847,352,87,14,142,6,4,7,1265,1205,60,Tract: 1066.04\nTotal Population: 5020,navigatela/reports/census_tracts_2010.cfm?PK=106604
51,52,106641,2317,301,1518,59,10,395,2,18,14,1872,215,1266,46,8,310,1,16,10,787,774,13,Tract: 1066.41\nTotal Population: 2317,navigatela/reports/census_tracts_2010.cfm?PK=106641
52,53,106642,3236,722,1897,122,12,459,3,6,15,2572,508,1579,93,8,368,3,4,9,1095,1069,26,Tract: 1066.42\nTotal Population: 3236,navigatela/reports/census_tracts_2010.cfm?PK=106642
53,54,106643,4320,582,2706,134,10,854,0,16,18,3377,439,2124,93,8,690,0,10,13,1344,1312,32,Tract: 1066.43\nTotal Population: 4320,navigatela/reports/census_tracts_2010.cfm?PK=106643
54,55,106645,3389,546,2151,122,10,540,0,9,11,2759,417,1802,89,7,430,0,7,7,1205,1172,33,Tract: 1066.45\nTotal Population: 3389,navigatela/reports/census_tracts_2010.cfm?PK=106645
55,56,106646,3237,1107,1371,118,6,590,2,24,19,2559,786,1163,90,5,488,2,14,11,964,933,31,Tract: 1066.46\nTotal Population: 3237,navigatela/reports/census_tracts_2010.cfm?PK=106646
56,57,106648,3890,3478,215,87,18,57,1,26,8,2621,2295,186,51,16,48,1,20,4,1005,938,67,Tract: 1066.48\nTotal Population: 3890,navigatela/reports/census_tracts_2010.cfm?PK=106648
57,58,106649,2853,1824,274,111,8,612,3,8,13,2095,1276,224,79,4,499,2,5,6,727,709,18,Tract: 1066.49\nTotal Population: 2853,navigatela/reports/census_tracts_2010.cfm?PK=106649
58,59,107010,3247,2970,199,15,8,52,0,0,3,2346,2098,179,15,8,44,0,0,2,752,712,40,Tract: 1070.10\nTotal Population: 3247,navigatela/reports/census_tracts_2010.cfm?PK=107010
59,60,107020,5404,4612,303,65,30,364,2,13,15,3736,3110,255,51,22,280,2,7,9,1307,1225,82,Tract: 1070.20\nTotal Population: 5404,navigatela/reports/census_tracts_2010.cfm?PK=107020
60,61,108101,2230,209,1351,74,6,577,2,6,5,1822,159,1126,54,6,469,2,5,1,800,789,11,Tract: 1081.01\nTotal Population: 2230,navigatela/reports/census_tracts_2010.cfm?PK=108101
61,62,108102,3430,334,1880,71,3,1113,2,6,21,2755,248,1588,55,3,843,1,5,12,1253,1223,30,Tract: 1081.02\nTotal Population: 3430,navigatela/reports/census_tracts_2010.cfm?PK=108102
62,63,108103,3256,291,1848,55,0,1033,4,6,19,2650,214,1506,41,0,868,4,3,14,1075,1051,24,Tract: 1081.03\nTotal Population: 3256,navigatela/reports/census_tracts_2010.cfm?PK=108103
63,64,108104,1698,172,1066,53,1,388,4,1,13,1315,127,856,31,1,289,4,1,6,587,580,7,Tract: 1081.04\nTotal Population: 1698,navigatela/reports/census_tracts_2010.cfm?PK=108104
64,65,108201,5551,406,2310,130,10,2624,8,22,41,4173,269,1793,93,10,1963,5,14,26,1900,1848,52,Tract: 1082.01\nTotal Population: 5551,navigatela/reports/census_tracts_2010.cfm?PK=108201
65,66,108202,4895,525,1967,203,14,2123,10,21,32,3754,385,1586,133,14,1601,9,13,13,1972,1826,146,Tract: 1082.02\nTotal Population: 4895,navigatela/reports/census_tracts_2010.cfm?PK=108202
66,67,109100,2492,1430,728,67,10,240,7,2,8,1971,1002,693,47,10,208,3,1,7,775,731,44,Tract: 1091.00\nTotal Population: 2492,navigatela/reports/census_tracts_2010.cfm?PK=109100
67,68,109200,2669,1005,1006,101,9,507,1,10,30,2069,709,869,73,7,385,1,6,19,899,873,26,Tract: 1092.00\nTotal Population: 2669,navigatela/reports/census_tracts_2010.cfm?PK=109200
68,69,109300,3085,1352,1010,133,11,541,2,2,34,2391,987,855,89,11,421,2,2,24,898,877,21,Tract: 1093.00\nTotal Population: 3085,navigatela/reports/census_tracts_2010.cfm?PK=109300
69,70,109400,3720,2790,519,97,29,246,13,16,10,2827,2013,473,71,24,222,8,9,7,1068,1021,47,Tract: 1094.00\nTotal Population: 3720,navigatela/reports/census_tracts_2010.cfm?PK=109400
70,71,109500,4303,3983,134,40,8,114,0,7,17,3077,2802,122,36,7,97,0,3,10,1054,1005,49,Tract: 1095.00\nTotal Population: 4303,navigatela/reports/census_tracts_2010.cfm?PK=109500
71,72,109601,5020,3516,753,156,13,540,10,11,21,3743,2463,654,126,12,463,9,6,10,1323,1276,47,Tract: 1096.01\nTotal Population: 5020,navigatela/reports/census_tracts_2010.cfm?PK=109601
72,73,109603,4252,2761,761,207,15,482,1,11,14,3150,1882,696,146,14,396,1,6,9,1316,1265,51,Tract: 1096.03\nTotal Population: 4252,navigatela/reports/census_tracts_2010.cfm?PK=109603
73,74,109604,2975,1800,708,123,8,307,2,15,12,2256,1263,623,95,7,248,0,10,10,920,889,31,Tract: 1096.04\nTotal Population: 2975,navigatela/reports/census_tracts_2010.cfm?PK=109604
74,75,109700,4493,1890,1585,141,22,804,11,12,28,3429,1291,1346,101,18,634,10,9,20,1400,1348,52,Tract: 1097.00\nTotal Population: 4493,navigatela/reports/census_tracts_2010.cfm?PK=109700
75,76,109800,4565,2110,1518,148,33,712,3,10,31,3536,1470,1320,111,21,585,3,6,20,1460,1402,58,Tract: 1098.00\nTotal Population: 4565,navigatela/reports/census_tracts_2010.cfm?PK=109800
76,77,111100,2982,1170,1171,115,13,487,4,11,11,2266,801,979,85,12,372,3,7,7,942,913,29,Tract: 1111.00\nTotal Population: 2982,navigatela/reports/census_tracts_2010.cfm?PK=111100
77,78,111201,3410,995,1703,107,11,535,10,30,19,2679,690,1446,78,11,415,5,21,13,1130,1093,37,Tract: 1112.01\nTotal Population: 3410,navigatela/reports/census_tracts_2010.cfm?PK=111201
78,79,111202,5213,1421,2617,166,24,925,6,22,32,4056,956,2193,129,22,717,6,14,19,1938,1836,102,Tract: 1112.02\nTotal Population: 5213,navigatela/reports/census_tracts_2010.cfm?PK=111202
79,80,111204,5859,871,3443,242,12,1241,8,13,29,4594,592,2833,173,9,955,4,7,21,1955,1917,38,Tract: 1112.04\nTotal Population: 5859,navigatela/reports/census_tracts_2010.cfm?PK=111204
80,81,111205,3375,610,1397,166,3,1153,1,15,30,2722,440,1241,133,3,877,1,9,18,1298,1246,52,Tract: 1112.05\nTotal Population: 3375,navigatela/reports/census_tracts_2010.cfm?PK=111205
81,82,111206,4490,931,2556,151,12,791,3,31,15,3612,674,2165,100,10,632,2,21,8,1538,1497,41,Tract: 1112.06\nTotal Population: 4490,navigatela/reports/census_tracts_2010.cfm?PK=111206
82,83,111301,7087,2080,2663,425,19,1764,26,29,81,5579,1414,2313,343,13,1388,20,23,65,2778,2635,143,Tract: 1113.01\nTotal Population: 7087,navigatela/reports/census_tracts_2010.cfm?PK=111301
83,84,111302,4786,1023,2402,305,22,963,15,23,33,3955,786,2084,249,18,763,11,20,24,1915,1810,105,Tract: 1113.02\nTotal Population: 4786,navigatela/reports/census_tracts_2010.cfm?PK=111302
84,85,111400,7560,2427,3122,282,17,1611,19,32,50,5911,1684,2650,198,17,1290,16,22,34,2847,2752,95,Tract: 1114.00\nTotal Population: 7560,navigatela/reports/census_tracts_2010.cfm?PK=111400
85,86,113101,3558,731,2150,117,28,490,11,6,25,2898,511,1849,95,27,384,9,6,17,1140,1118,22,Tract: 1131.01\nTotal Population: 3558,navigatela/reports/census_tracts_2010.cfm?PK=113101
86,87,113102,2828,369,1888,98,1,434,4,13,21,2288,271,1576,64,1,353,4,7,12,967,943,24,Tract: 1131.02\nTotal Population: 2828,navigatela/reports/census_tracts_2010.cfm?PK=113102
87,88,113211,3787,466,2628,120,12,507,8,14,32,3156,319,2327,88,10,381,6,7,18,1613,1548,65,Tract: 1132.11\nTotal Population: 3787,navigatela/reports/census_tracts_2010.cfm?PK=113211
88,89,113212,3069,712,1569,162,10,574,18,3,21,2458,514,1325,117,7,463,12,2,18,1082,1045,37,Tract: 1132.12\nTotal Population: 3069,navigatela/reports/census_tracts_2010.cfm?PK=113212
89,90,113213,4316,1035,2040,214,18,951,15,10,33,3434,756,1730,150,15,747,10,8,18,1660,1594,66,Tract: 1132.13\nTotal Population: 4316,navigatela/reports/census_tracts_2010.cfm?PK=113213
90,91,113231,2113,239,1484,93,6,268,1,6,16,1645,160,1197,61,6,206,1,4,10,806,785,21,Tract: 1132.31\nTotal Population: 2113,navigatela/reports/census_tracts_2010.cfm?PK=113231
91,92,113232,3894,692,2380,175,12,600,7,8,20,3158,505,2029,126,10,462,6,6,14,1388,1342,46,Tract: 1132.32\nTotal Population: 3894,navigatela/reports/census_tracts_2010.cfm?PK=113232
92,93,113233,6655,3622,1608,499,16,849,5,25,31,4861,2377,1406,367,14,652,4,15,26,2448,2283,165,Tract: 1132.33\nTotal Population: 6655,navigatela/reports/census_tracts_2010.cfm?PK=113233
93,94,113234,4667,2565,1113,180,11,761,13,8,16,3466,1706,997,134,9,585,13,6,16,1585,1494,91,Tract: 1132.34\nTotal Population: 4667,navigatela/reports/census_tracts_2010.cfm?PK=113234
94,95,113235,10,0,10,0,0,0,0,0,0,10,0,10,0,0,0,0,0,0,6,5,1,Tract: 1132.35\nTotal Population: 10,navigatela/reports/census_tracts_2010.cfm?PK=113235
95,96,113237,3661,588,2081,212,11,705,4,28,32,2994,425,1791,160,11,564,4,20,19,1496,1432,64,Tract: 1132.37\nTotal Population: 3661,navigatela/reports/census_tracts_2010.cfm?PK=113237
96,97,113301,2201,431,1263,103,5,379,3,5,12,1736,285,1062,71,3,300,3,5,7,982,717,265,Tract: 1133.01\nTotal Population: 2201,navigatela/reports/census_tracts_2010.cfm?PK=113301
97,98,113303,4006,1167,2019,149,21,613,6,2,29,3083,783,1692,93,16,468,5,2,24,1398,1362,36,Tract: 1133.03\nTotal Population: 4006,navigatela/reports/census_tracts_2010.cfm?PK=113303
98,99,113321,5473,1804,2091,322,34,1152,10,21,39,4312,1219,1848,244,27,917,7,16,34,2406,2252,154,Tract: 1133.21\nTotal Population: 5473,navigatela/reports/census_tracts_2010.cfm?PK=113321
99,100,113322,3947,760,2164,161,10,807,4,17,24,3191,545,1852,113,10,640,4,9,18,1370,1323,47,Tract: 1133.22\nTotal Population: 3947,navigatela/reports/census_tracts_2010.cfm?PK=113322
100,101,113401,5543,2232,2002,218,24,1016,13,10,28,4391,1592,1764,161,22,814,13,3,22,1777,1716,61,Tract: 1134.01\nTotal Population: 5543,navigatela/reports/census_tracts_2010.cfm?PK=113401
101,102,113421,6109,3176,1414,559,18,862,19,18,43,4430,2085,1195,409,12,674,10,13,32,2064,1952,112,Tract: 1134.21\nTotal Population: 6109,navigatela/reports/census_tracts_2010.cfm?PK=113421
102,103,113422,6057,2556,1912,379,21,1115,11,15,48,4674,1750,1659,300,21,886,9,13,36,2158,2043,115,Tract: 1134.22\nTotal Population: 6057,navigatela/reports/census_tracts_2010.cfm?PK=113422
103,104,115101,5046,899,3272,214,28,580,15,22,16,4044,623,2782,149,16,436,13,15,10,1724,1688,36,Tract: 1151.01\nTotal Population: 5046,navigatela/reports/census_tracts_2010.cfm?PK=115101
104,105,115103,2776,879,744,697,22,386,3,5,40,2752,872,734,694,22,382,3,5,40,31,30,1,Tract: 1151.03\nTotal Population: 2776,navigatela/reports/census_tracts_2010.cfm?PK=115103
105,106,115104,4444,1003,1916,384,13,1055,10,17,46,3757,800,1695,333,13,856,9,13,38,2117,1979,138,Tract: 1151.04\nTotal Population: 4444,navigatela/reports/census_tracts_2010.cfm?PK=115104
106,107,115201,6437,1590,2584,428,35,1690,22,27,61,5402,1226,2275,348,23,1445,14,23,48,2911,2736,175,Tract: 1152.01\nTotal Population: 6437,navigatela/reports/census_tracts_2010.cfm?PK=115201
107,108,115202,4828,1602,1767,326,27,1005,21,20,60,3972,1190,1554,259,24,869,18,14,44,1951,1832,119,Tract: 1152.02\nTotal Population: 4828,navigatela/reports/census_tracts_2010.cfm?PK=115202
108,109,115301,4156,729,2312,201,12,848,12,20,22,3427,540,2029,144,12,663,9,17,13,1766,1669,97,Tract: 1153.01\nTotal Population: 4156,navigatela/reports/census_tracts_2010.cfm?PK=115301
109,110,115302,4351,3455,470,72,6,327,0,10,11,2867,2127,395,50,6,274,0,4,11,1025,960,65,Tract: 1153.02\nTotal Population: 4351,navigatela/reports/census_tracts_2010.cfm?PK=115302
110,111,115401,5776,2667,1928,351,19,761,8,27,15,4328,1767,1615,269,18,624,8,15,12,2055,1959,96,Tract: 1154.01\nTotal Population: 5776,navigatela/reports/census_tracts_2010.cfm?PK=115401
111,112,115403,3188,1829,688,131,5,474,15,12,34,2382,1238,602,112,5,381,10,10,24,1045,978,67,Tract: 1154.03\nTotal Population: 3188,navigatela/reports/census_tracts_2010.cfm?PK=115403
112,113,115404,2913,1496,708,218,4,440,11,14,22,2248,1076,618,158,3,364,10,8,11,867,824,43,Tract: 1154.04\nTotal Population: 2913,navigatela/reports/census_tracts_2010.cfm?PK=115404
113,114,117101,4796,2186,494,264,6,1790,19,5,32,3535,1480,409,193,3,1405,16,4,25,1376,1321,55,Tract: 1171.01\nTotal Population: 4796,navigatela/reports/census_tracts_2010.cfm?PK=117101
114,115,117102,2631,1544,571,114,7,363,1,15,16,2043,1088,521,89,7,318,1,10,9,828,779,49,Tract: 1171.02\nTotal Population: 2631,navigatela/reports/census_tracts_2010.cfm?PK=117102
115,116,117201,4352,2875,580,232,5,567,20,43,30,3034,1874,500,156,5,455,11,14,19,1233,1170,63,Tract: 1172.01\nTotal Population: 4352,navigatela/reports/census_tracts_2010.cfm?PK=117201
116,117,117202,2471,911,766,121,12,638,3,3,17,1960,641,675,91,12,523,3,1,14,740,714,26,Tract: 1172.02\nTotal Population: 2471,navigatela/reports/census_tracts_2010.cfm?PK=117202
117,118,117301,3851,1252,1741,221,15,587,6,6,23,3023,883,1466,168,14,467,6,3,16,1236,1207,29,Tract: 1173.01\nTotal Population: 3851,navigatela/reports/census_tracts_2010.cfm?PK=117301
118,119,117302,4914,1335,2458,232,19,822,6,14,28,3879,903,2103,176,16,654,6,7,14,1744,1679,65,Tract: 1173.02\nTotal Population: 4914,navigatela/reports/census_tracts_2010.cfm?PK=117302
119,120,117303,3512,1376,1399,110,13,572,9,14,19,2741,945,1214,81,10,463,8,7,13,1038,1019,19,Tract: 1173.03\nTotal Population: 3512,navigatela/reports/census_tracts_2010.cfm?PK=117303
120,121,117404,4279,1670,1561,227,12,745,23,11,30,3446,1211,1396,167,12,615,17,9,19,1335,1288,47,Tract: 1174.04\nTotal Population: 4279,navigatela/reports/census_tracts_2010.cfm?PK=117404
121,122,117405,3442,3119,115,131,3,57,1,10,6,2092,1891,78,66,3,47,0,2,5,854,781,73,Tract: 1174.05\nTotal Population: 3442,navigatela/reports/census_tracts_2010.cfm?PK=117405
122,123,117407,3636,3377,60,87,0,86,7,13,6,2261,2094,41,60,0,56,3,5,2,896,841,55,Tract: 1174.07\nTotal Population: 3636,navigatela/reports/census_tracts_2010.cfm?PK=117407
123,124,117408,2830,2335,200,136,0,127,1,17,14,1931,1526,176,101,0,109,1,9,9,868,813,55,Tract: 1174.08\nTotal Population: 2830,navigatela/reports/census_tracts_2010.cfm?PK=117408
124,125,117510,4028,3359,178,146,1,317,3,14,10,2616,2072,152,102,1,273,3,4,9,1013,972,41,Tract: 1175.10\nTotal Population: 4028,navigatela/reports/census_tracts_2010.cfm?PK=117510
125,126,117520,4052,3484,154,170,6,198,12,13,15,2539,2140,112,113,2,142,11,10,9,999,910,89,Tract: 1175.20\nTotal Population: 4052,navigatela/reports/census_tracts_2010.cfm?PK=117520
126,127,117530,5641,4232,288,175,7,882,2,21,34,3808,2728,239,118,7,683,2,11,20,1565,1478,87,Tract: 1175.30\nTotal Population: 5641,navigatela/reports/census_tracts_2010.cfm?PK=117530
127,128,119001,4038,2846,392,37,11,707,1,19,25,3031,2027,356,23,10,586,1,11,17,997,947,50,Tract: 1190.01\nTotal Population: 4038,navigatela/reports/census_tracts_2010.cfm?PK=119001
128,129,119002,7210,6234,383,41,12,500,8,14,18,5216,4396,336,34,12,414,8,7,9,1679,1580,99,Tract: 1190.02\nTotal Population: 7210,navigatela/reports/census_tracts_2010.cfm?PK=119002
129,130,119201,4137,3574,266,47,12,223,8,1,6,2993,2523,227,36,8,187,8,0,4,915,882,33,Tract: 1192.01\nTotal Population: 4137,navigatela/reports/census_tracts_2010.cfm?PK=119201
130,131,119202,4707,4189,237,69,7,187,1,10,7,3350,2937,190,53,6,151,1,8,4,1086,1040,46,Tract: 1192.02\nTotal Population: 4707,navigatela/reports/census_tracts_2010.cfm?PK=119202
131,132,119310,3871,2668,425,167,5,574,5,10,17,2870,1870,385,123,5,466,5,5,11,1150,1090,60,Tract: 1193.10\nTotal Population: 3871,navigatela/reports/census_tracts_2010.cfm?PK=119310
132,133,119320,4694,3268,317,209,3,849,6,11,31,3285,2183,260,160,3,650,3,8,18,1183,1119,64,Tract: 1193.20\nTotal Population: 4694,navigatela/reports/census_tracts_2010.cfm?PK=119320
133,134,119340,3884,3654,86,78,3,50,0,9,4,2492,2310,67,62,3,39,0,8,3,982,923,59,Tract: 1193.40\nTotal Population: 3884,navigatela/reports/census_tracts_2010.cfm?PK=119340
134,135,119341,2719,1484,262,100,1,842,9,8,13,2036,1034,214,83,1,684,3,5,12,797,766,31,Tract: 1193.41\nTotal Population: 2719,navigatela/reports/census_tracts_2010.cfm?PK=119341
135,136,119342,3180,2551,151,116,10,321,0,18,13,2148,1663,125,79,6,262,0,4,9,742,714,28,Tract: 1193.42\nTotal Population: 3180,navigatela/reports/census_tracts_2010.cfm?PK=119342
136,137,119400,4987,4079,385,72,25,385,5,29,7,3629,2854,348,60,19,316,4,24,4,1133,1088,45,Tract: 1194.00\nTotal Population: 4987,navigatela/reports/census_tracts_2010.cfm?PK=119400
137,138,119700,5045,2392,1352,80,17,1159,13,13,19,3873,1682,1137,65,13,947,11,7,11,1328,1294,34,Tract: 1197.00\nTotal Population: 5045,navigatela/reports/census_tracts_2010.cfm?PK=119700
138,139,119800,6108,4776,545,67,9,684,3,8,16,4484,3363,470,61,5,568,3,3,11,1437,1393,44,Tract: 1198.00\nTotal Population: 6108,navigatela/reports/census_tracts_2010.cfm?PK=119800
139,140,119900,4940,3164,577,72,6,1078,1,17,25,3641,2167,503,56,3,889,1,4,18,1225,1190,35,Tract: 1199.00\nTotal Population: 4940,navigatela/reports/census_tracts_2010.cfm?PK=119900
140,141,120010,2844,2216,218,66,3,285,19,18,19,2014,1503,200,44,3,234,10,10,10,696,671,25,Tract: 1200.10\nTotal Population: 2844,navigatela/reports/census_tracts_2010.cfm?PK=120010
141,142,120020,4057,3100,203,92,12,617,0,11,22,2875,2080,172,66,10,521,0,5,21,1120,1040,80,Tract: 1200.20\nTotal Population: 4057,navigatela/reports/census_tracts_2010.cfm?PK=120020
142,143,120030,2675,2483,73,8,4,100,2,1,4,1661,1516,49,7,4,82,1,1,1,666,609,57,Tract: 1200.30\nTotal Population: 2675,navigatela/reports/census_tracts_2010.cfm?PK=120030
143,144,120103,3287,3021,74,100,1,83,0,6,2,2096,1897,53,76,1,65,0,2,2,865,794,71,Tract: 1201.03\nTotal Population: 3287,navigatela/reports/census_tracts_2010.cfm?PK=120103
144,145,120104,2310,1599,184,131,5,370,3,4,14,1671,1065,155,120,5,308,3,2,13,764,726,38,Tract: 1201.04\nTotal Population: 2310,navigatela/reports/census_tracts_2010.cfm?PK=120104
145,146,120105,2812,2043,280,55,3,405,1,12,13,2059,1397,251,42,3,348,1,4,13,864,830,34,Tract: 1201.05\nTotal Population: 2812,navigatela/reports/census_tracts_2010.cfm?PK=120105
146,147,120106,4417,3427,206,103,9,642,5,16,9,3008,2201,176,79,9,521,4,10,8,1197,1118,79,Tract: 1201.06\nTotal Population: 4417,navigatela/reports/census_tracts_2010.cfm?PK=120106
147,148,120107,3818,3276,203,79,5,213,0,10,32,2406,1978,159,66,2,175,0,4,22,1046,973,73,Tract: 1201.07\nTotal Population: 3818,navigatela/reports/census_tracts_2010.cfm?PK=120107
148,149,120108,4838,3976,301,187,16,316,7,21,14,3255,2565,263,124,15,264,3,9,12,1302,1218,84,Tract: 1201.08\nTotal Population: 4838,navigatela/reports/census_tracts_2010.cfm?PK=120108
149,150,120300,5531,3381,898,89,14,1118,7,12,12,4196,2414,765,70,7,919,6,5,10,1463,1404,59,Tract: 1203.00\nTotal Population: 5531,navigatela/reports/census_tracts_2010.cfm?PK=120300
150,151,120400,6272,3556,1110,186,14,1328,23,23,32,4771,2538,950,160,8,1061,18,15,21,2022,1946,76,Tract: 1204.00\nTotal Population: 6272,navigatela/reports/census_tracts_2010.cfm?PK=120400
151,152,121010,4989,3125,1203,54,24,546,3,21,13,3781,2194,1023,50,19,465,3,15,12,1301,1256,45,Tract: 1210.10\nTotal Population: 4989,navigatela/reports/census_tracts_2010.cfm?PK=121010
152,153,121020,3741,2231,1002,62,11,395,17,18,5,2798,1541,842,54,7,328,11,12,3,1046,994,52,Tract: 1210.20\nTotal Population: 3741,navigatela/reports/census_tracts_2010.cfm?PK=121020
153,154,121101,2932,2040,504,61,8,301,4,5,9,2203,1433,434,51,7,261,4,4,9,956,899,57,Tract: 1211.01\nTotal Population: 2932,navigatela/reports/census_tracts_2010.cfm?PK=121101
154,155,121102,2721,1574,926,34,8,162,4,6,7,2057,1088,781,20,8,145,4,4,7,829,776,53,Tract: 1211.02\nTotal Population: 2721,navigatela/reports/census_tracts_2010.cfm?PK=121102
155,156,121210,3122,2208,343,37,12,508,2,7,5,2376,1577,304,36,11,441,2,1,4,799,759,40,Tract: 1212.10\nTotal Population: 3122,navigatela/reports/census_tracts_2010.cfm?PK=121210
156,157,121221,2365,1969,183,30,5,153,7,15,3,1721,1383,171,16,4,134,5,8,0,564,536,28,Tract: 1212.21\nTotal Population: 2365,navigatela/reports/census_tracts_2010.cfm?PK=121221
157,158,121222,5293,4500,342,168,10,243,5,5,20,3466,2844,265,119,9,212,4,4,9,1270,1198,72,Tract: 1212.22\nTotal Population: 5293,navigatela/reports/census_tracts_2010.cfm?PK=121222
158,159,121600,3005,1084,1107,60,5,707,8,15,19,2398,787,935,52,3,587,8,9,17,851,827,24,Tract: 1216.00\nTotal Population: 3005,navigatela/reports/census_tracts_2010.cfm?PK=121600
159,160,121801,3942,2990,521,153,23,226,9,9,11,2818,2058,406,128,18,183,7,8,10,1215,1101,114,Tract: 1218.01\nTotal Population: 3942,navigatela/reports/census_tracts_2010.cfm?PK=121801
160,161,121802,3525,2385,611,198,10,296,9,7,9,2603,1655,522,164,8,230,8,7,9,736,708,28,Tract: 1218.02\nTotal Population: 3525,navigatela/reports/census_tracts_2010.cfm?PK=121802
161,162,121900,4110,3239,535,43,25,247,4,11,6,3099,2348,463,38,21,213,4,7,5,1072,1002,70,Tract: 1219.00\nTotal Population: 4110,navigatela/reports/census_tracts_2010.cfm?PK=121900
162,163,122000,5446,1987,2258,74,21,1054,9,27,16,4339,1454,1888,60,19,875,9,19,15,1538,1463,75,Tract: 1220.00\nTotal Population: 5446,navigatela/reports/census_tracts_2010.cfm?PK=122000
163,164,122120,5000,4305,365,35,17,253,2,14,9,3501,2924,309,27,14,211,2,7,7,1132,1095,37,Tract: 1221.20\nTotal Population: 5000,navigatela/reports/census_tracts_2010.cfm?PK=122120
164,165,122121,2833,2248,283,37,3,243,10,4,5,2053,1565,243,30,2,200,8,0,5,738,703,35,Tract: 1221.21\nTotal Population: 2833,navigatela/reports/census_tracts_2010.cfm?PK=122121
165,166,122122,2439,1959,307,113,9,44,2,0,5,1692,1329,243,71,8,36,2,0,3,660,619,41,Tract: 1221.22\nTotal Population: 2439,navigatela/reports/census_tracts_2010.cfm?PK=122122
166,167,122200,4141,3577,370,29,8,142,1,11,3,2905,2442,304,25,8,120,1,3,2,973,921,52,Tract: 1222.00\nTotal Population: 4141,navigatela/reports/census_tracts_2010.cfm?PK=122200
167,168,122410,3794,3157,289,179,2,142,2,10,13,2643,2115,259,131,2,120,0,10,6,1137,1046,91,Tract: 1224.10\nTotal Population: 3794,navigatela/reports/census_tracts_2010.cfm?PK=122410
168,169,122420,5050,4037,469,169,10,347,1,9,8,3643,2752,413,147,10,305,1,9,6,1350,1304,46,Tract: 1224.20\nTotal Population: 5050,navigatela/reports/census_tracts_2010.cfm?PK=122420
169,170,123010,4580,4142,236,43,11,86,29,23,10,3066,2726,191,34,5,68,21,13,8,1038,986,52,Tract: 1230.10\nTotal Population: 4580,navigatela/reports/census_tracts_2010.cfm?PK=123010
170,171,123020,3432,3019,219,21,4,150,4,10,5,2467,2128,184,19,4,120,2,6,4,781,741,40,Tract: 1230.20\nTotal Population: 3432,navigatela/reports/census_tracts_2010.cfm?PK=123020
171,172,123103,4165,2586,1056,130,10,316,13,23,31,3122,1790,912,114,9,259,8,10,20,1523,1437,86,Tract: 1231.03\nTotal Population: 4165,navigatela/reports/census_tracts_2010.cfm?PK=123103
172,173,123104,4596,2924,1131,186,18,293,12,11,21,3512,2065,1001,145,14,247,11,10,19,1605,1516,89,Tract: 1231.04\nTotal Population: 4596,navigatela/reports/census_tracts_2010.cfm?PK=123104
173,174,123203,3765,3080,349,155,6,136,1,33,5,2528,1979,312,103,6,107,1,17,3,1098,1035,63,Tract: 1232.03\nTotal Population: 3765,navigatela/reports/census_tracts_2010.cfm?PK=123203
174,175,123204,3449,2678,466,141,5,122,7,23,7,2383,1747,415,95,5,94,7,14,6,1056,993,63,Tract: 1232.04\nTotal Population: 3449,navigatela/reports/census_tracts_2010.cfm?PK=123204
175,176,123205,2645,2194,285,64,3,79,1,10,9,1841,1456,256,46,3,69,1,3,7,737,702,35,Tract: 1232.05\nTotal Population: 2645,navigatela/reports/census_tracts_2010.cfm?PK=123205
176,177,123206,2945,2504,255,72,5,96,3,8,2,2113,1749,211,53,5,84,3,7,1,910,880,30,Tract: 1232.06\nTotal Population: 2945,navigatela/reports/census_tracts_2010.cfm?PK=123206
177,178,123301,4559,2077,1032,226,11,1166,5,22,20,3580,1454,896,177,10,1004,5,19,15,1565,1504,61,Tract: 1233.01\nTotal Population: 4559,navigatela/reports/census_tracts_2010.cfm?PK=123301
178,179,123303,3301,1988,876,106,2,294,5,11,19,2460,1388,732,74,2,236,5,11,12,951,919,32,Tract: 1233.03\nTotal Population: 3301,navigatela/reports/census_tracts_2010.cfm?PK=123303
179,180,123304,4687,2381,1839,161,11,253,20,15,7,3603,1670,1549,135,8,208,17,9,7,1721,1647,74,Tract: 1233.04\nTotal Population: 4687,navigatela/reports/census_tracts_2010.cfm?PK=123304
180,181,123410,4247,2428,1350,129,8,279,8,25,20,3164,1660,1136,97,7,233,8,12,11,1294,1225,69,Tract: 1234.10\nTotal Population: 4247,navigatela/reports/census_tracts_2010.cfm?PK=123410
181,182,123420,4638,2641,1521,94,10,340,2,23,7,3331,1730,1227,70,7,275,1,14,7,1419,1355,64,Tract: 1234.20\nTotal Population: 4638,navigatela/reports/census_tracts_2010.cfm?PK=123420
182,183,123510,4753,2371,1763,149,11,414,15,11,19,3578,1607,1472,118,9,337,12,8,15,1623,1523,100,Tract: 1235.10\nTotal Population: 4753,navigatela/reports/census_tracts_2010.cfm?PK=123510
183,184,123520,2567,1326,979,78,7,148,9,12,8,2000,978,816,59,7,119,9,7,5,857,820,37,Tract: 1235.20\nTotal Population: 2567,navigatela/reports/census_tracts_2010.cfm?PK=123520
184,185,123601,4995,1664,2760,218,16,307,5,11,14,4000,1232,2321,163,13,249,5,7,10,1895,1789,106,Tract: 1236.01\nTotal Population: 4995,navigatela/reports/census_tracts_2010.cfm?PK=123601
185,186,123602,3332,1266,1662,113,7,247,0,12,25,2628,875,1418,93,7,208,0,9,18,1332,1257,75,Tract: 1236.02\nTotal Population: 3332,navigatela/reports/census_tracts_2010.cfm?PK=123602
186,187,123700,4114,1212,2332,145,10,360,21,8,26,3269,883,1916,119,8,306,15,5,17,1547,1458,89,Tract: 1237.00\nTotal Population: 4114,navigatela/reports/census_tracts_2010.cfm?PK=123700
187,188,123800,5531,1494,3339,264,29,335,30,26,14,4437,1125,2731,209,29,287,26,19,11,2396,2253,143,Tract: 1238.00\nTotal Population: 5531,navigatela/reports/census_tracts_2010.cfm?PK=123800
188,189,123901,4500,2461,1498,201,26,275,4,22,13,3450,1736,1283,167,22,214,4,15,9,1532,1452,80,Tract: 1239.01\nTotal Population: 4500,navigatela/reports/census_tracts_2010.cfm?PK=123901
189,190,123902,2561,758,1314,138,16,308,4,11,12,2122,565,1165,103,12,256,4,9,8,1114,1068,46,Tract: 1239.02\nTotal Population: 2561,navigatela/reports/census_tracts_2010.cfm?PK=123902
190,191,124000,4550,552,3480,177,15,271,2,27,26,3689,420,2864,141,13,215,2,20,14,2160,2050,110,Tract: 1240.00\nTotal Population: 4550,navigatela/reports/census_tracts_2010.cfm?PK=124000
191,192,124102,3549,1889,1123,225,12,261,1,15,23,2770,1307,1017,192,12,221,1,9,11,1433,1336,97,Tract: 1241.02\nTotal Population: 3549,navigatela/reports/census_tracts_2010.cfm?PK=124102
192,193,124103,2030,1523,371,39,5,73,5,10,4,1493,1049,330,35,5,58,4,8,4,607,575,32,Tract: 1241.03\nTotal Population: 2030,navigatela/reports/census_tracts_2010.cfm?PK=124103
193,194,124104,2439,1471,661,174,13,92,7,3,18,1877,1022,593,147,13,83,6,2,11,999,963,36,Tract: 1241.04\nTotal Population: 2439,navigatela/reports/census_tracts_2010.cfm?PK=124104
194,195,124105,2658,1602,777,109,3,121,10,25,11,1966,1076,660,94,3,101,8,16,8,925,888,37,Tract: 1241.05\nTotal Population: 2658,navigatela/reports/census_tracts_2010.cfm?PK=124105
195,196,124201,3506,2029,1073,94,8,260,9,23,10,2728,1465,936,76,5,217,4,16,9,1140,1094,46,Tract: 1242.01\nTotal Population: 3506,navigatela/reports/census_tracts_2010.cfm?PK=124201
196,197,124203,2748,2080,445,72,13,110,5,15,8,2034,1465,395,56,10,90,5,10,3,876,823,53,Tract: 1242.03\nTotal Population: 2748,navigatela/reports/census_tracts_2010.cfm?PK=124203
197,198,124204,3071,1963,712,151,10,199,12,12,12,2341,1371,639,131,9,167,10,5,9,1076,1020,56,Tract: 1242.04\nTotal Population: 3071,navigatela/reports/census_tracts_2010.cfm?PK=124204
198,199,124300,4046,2816,891,110,8,204,4,6,7,3062,1962,810,92,7,177,3,6,5,1385,1306,79,Tract: 1243.00\nTotal Population: 4046,navigatela/reports/census_tracts_2010.cfm?PK=124300
199,200,124400,4192,820,2981,154,14,181,10,14,18,3206,606,2269,129,12,160,7,11,12,1723,1636,87,Tract: 1244.00\nTotal Population: 4192,navigatela/reports/census_tracts_2010.cfm?PK=124400
200,201,124500,2779,624,1772,112,19,212,4,19,17,2271,464,1499,95,17,176,4,8,8,1243,1169,74,Tract: 1245.00\nTotal Population: 2779,navigatela/reports/census_tracts_2010.cfm?PK=124500
201,202,124600,3123,484,2154,147,12,287,6,8,25,2515,356,1788,102,5,234,4,8,18,1398,1338,60,Tract: 1246.00\nTotal Population: 3123,navigatela/reports/census_tracts_2010.cfm?PK=124600
202,203,124700,4796,611,3516,262,14,346,9,11,27,3950,446,2976,213,13,266,8,9,19,2222,2098,124,Tract: 1247.00\nTotal Population: 4796,navigatela/reports/census_tracts_2010.cfm?PK=124700
203,204,124902,2766,679,1598,190,14,242,6,22,15,2312,475,1441,155,8,198,6,16,13,1608,1459,149,Tract: 1249.02\nTotal Population: 2766,navigatela/reports/census_tracts_2010.cfm?PK=124902
204,205,124903,3262,668,2096,228,22,188,6,24,30,2852,527,1879,203,21,175,6,21,20,1703,1553,150,Tract: 1249.03\nTotal Population: 3262,navigatela/reports/census_tracts_2010.cfm?PK=124903
205,206,125100,5431,1056,3496,403,22,365,7,28,54,4577,787,3038,342,20,322,7,24,37,2971,2701,270,Tract: 1251.00\nTotal Population: 5431,navigatela/reports/census_tracts_2010.cfm?PK=125100
206,207,125200,3524,1057,1922,203,34,267,6,19,16,2946,803,1689,174,25,221,5,16,13,1754,1624,130,Tract: 1252.00\nTotal Population: 3524,navigatela/reports/census_tracts_2010.cfm?PK=125200
207,208,125310,4750,2255,1723,406,20,279,3,31,33,3848,1610,1580,346,17,244,3,22,26,2168,1967,201,Tract: 1253.10\nTotal Population: 4750,navigatela/reports/census_tracts_2010.cfm?PK=125310
208,209,125320,4843,1761,1863,524,27,572,12,31,53,4076,1302,1755,439,24,480,11,22,43,2753,2337,416,Tract: 1253.20\nTotal Population: 4843,navigatela/reports/census_tracts_2010.cfm?PK=125320
209,210,125401,4024,1101,1878,601,27,331,8,25,53,3637,896,1811,541,26,295,7,21,40,2334,2162,172,Tract: 1254.01\nTotal Population: 4024,navigatela/reports/census_tracts_2010.cfm?PK=125401
210,211,125402,3544,710,2123,358,18,283,3,22,27,3151,553,1971,316,18,251,3,16,23,2011,1852,159,Tract: 1254.02\nTotal Population: 3544,navigatela/reports/census_tracts_2010.cfm?PK=125402
211,212,125501,3077,898,1653,241,17,240,6,11,11,2666,671,1531,214,15,210,5,9,11,1668,1565,103,Tract: 1255.01\nTotal Population: 3077,navigatela/reports/census_tracts_2010.cfm?PK=125501
212,213,125502,3083,493,1952,275,21,294,4,14,30,2785,414,1808,234,19,269,4,12,25,1796,1687,109,Tract: 1255.02\nTotal Population: 3083,navigatela/reports/census_tracts_2010.cfm?PK=125502
213,214,125600,2657,363,1901,128,15,196,5,24,25,2240,285,1656,93,12,164,4,11,15,1287,1217,70,Tract: 1256.00\nTotal Population: 2657,navigatela/reports/census_tracts_2010.cfm?PK=125600
214,215,127102,4726,2925,1026,280,4,436,6,19,30,3431,2000,841,214,3,337,4,12,20,1514,1406,108,Tract: 1271.02\nTotal Population: 4726,navigatela/reports/census_tracts_2010.cfm?PK=127102
215,216,127103,2939,1812,762,166,0,160,3,27,9,2193,1263,648,137,0,123,2,14,6,1173,1088,85,Tract: 1271.03\nTotal Population: 2939,navigatela/reports/census_tracts_2010.cfm?PK=127103
216,217,127104,3573,1875,1156,179,11,310,16,10,16,2676,1288,958,141,10,249,12,6,12,1234,1132,102,Tract: 1271.04\nTotal Population: 3573,navigatela/reports/census_tracts_2010.cfm?PK=127104
217,218,127210,5531,3411,1104,361,11,585,6,34,19,4063,2287,950,278,10,497,6,19,16,1885,1760,125,Tract: 1272.10\nTotal Population: 5531,navigatela/reports/census_tracts_2010.cfm?PK=127210
218,219,127220,4931,3145,946,252,13,538,10,11,16,3642,2160,801,179,8,465,10,9,10,1658,1585,73,Tract: 1272.20\nTotal Population: 4931,navigatela/reports/census_tracts_2010.cfm?PK=127220
219,220,127300,4460,2184,1329,375,19,484,9,27,33,3509,1557,1167,308,16,414,8,15,24,1761,1637,124,Tract: 1273.00\nTotal Population: 4460,navigatela/reports/census_tracts_2010.cfm?PK=127300
220,221,127400,5818,4259,892,303,14,288,10,25,27,4096,2804,755,239,12,240,9,17,20,1809,1719,90,Tract: 1274.00\nTotal Population: 5818,navigatela/reports/census_tracts_2010.cfm?PK=127400
221,222,127520,4045,3318,251,126,7,274,2,45,22,2713,2131,229,108,3,205,2,21,14,1239,1163,76,Tract: 1275.20\nTotal Population: 4045,navigatela/reports/census_tracts_2010.cfm?PK=127520
222,223,127603,2938,2190,411,129,8,175,5,6,14,2086,1476,350,100,7,135,5,4,9,897,843,54,Tract: 1276.03\nTotal Population: 2938,navigatela/reports/census_tracts_2010.cfm?PK=127603
223,224,127604,2939,1562,817,214,6,292,10,17,21,2241,1052,728,173,5,244,7,15,17,1204,1137,67,Tract: 1276.04\nTotal Population: 2939,navigatela/reports/census_tracts_2010.cfm?PK=127604
224,225,127605,3549,2579,504,220,8,216,3,9,10,2501,1728,423,154,6,177,3,4,6,1117,1062,55,Tract: 1276.05\nTotal Population: 3549,navigatela/reports/census_tracts_2010.cfm?PK=127605
225,226,127606,3164,1925,766,183,10,245,7,16,12,2356,1302,676,144,10,198,6,12,8,1107,1042,65,Tract: 1276.06\nTotal Population: 3164,navigatela/reports/census_tracts_2010.cfm?PK=127606
226,227,127711,3356,1854,1059,158,17,224,5,18,21,2533,1297,892,122,17,175,5,8,17,1187,1114,73,Tract: 1277.11\nTotal Population: 3356,navigatela/reports/census_tracts_2010.cfm?PK=127711
227,228,127712,2991,1785,737,198,6,236,6,10,13,2257,1244,643,157,6,187,6,5,9,1166,1060,106,Tract: 1277.12\nTotal Population: 2991,navigatela/reports/census_tracts_2010.cfm?PK=127712
228,229,127803,4037,2633,854,153,13,337,2,17,28,2978,1797,739,120,9,285,2,8,18,1379,1263,116,Tract: 1278.03\nTotal Population: 4037,navigatela/reports/census_tracts_2010.cfm?PK=127803
229,230,127804,3933,2001,1103,281,14,480,3,12,39,2999,1360,973,220,14,393,1,10,28,1546,1425,121,Tract: 1278.04\nTotal Population: 3933,navigatela/reports/census_tracts_2010.cfm?PK=127804
230,231,127805,3768,2274,1042,169,14,243,1,12,13,2923,1600,953,136,13,202,1,9,9,1202,1136,66,Tract: 1278.05\nTotal Population: 3768,navigatela/reports/census_tracts_2010.cfm?PK=127805
231,232,127806,3447,2096,810,205,14,275,10,15,22,2639,1516,684,163,12,235,9,7,13,1263,1200,63,Tract: 1278.06\nTotal Population: 3447,navigatela/reports/census_tracts_2010.cfm?PK=127806
232,233,127910,4769,3201,964,247,7,264,14,55,17,3501,2222,826,188,6,217,12,13,17,1569,1454,115,Tract: 1279.10\nTotal Population: 4769,navigatela/reports/census_tracts_2010.cfm?PK=127910
233,234,127920,4100,2237,1385,131,7,296,14,13,17,3073,1548,1144,104,6,239,10,8,14,1312,1244,68,Tract: 1279.20\nTotal Population: 4100,navigatela/reports/census_tracts_2010.cfm?PK=127920
234,235,128101,3738,1775,1571,132,3,194,17,30,16,2796,1244,1250,95,3,167,12,13,12,1262,1211,51,Tract: 1281.01\nTotal Population: 3738,navigatela/reports/census_tracts_2010.cfm?PK=128101
235,236,128102,4795,3265,871,287,18,307,13,16,18,3536,2232,742,241,16,272,9,9,15,1475,1387,88,Tract: 1281.02\nTotal Population: 4795,navigatela/reports/census_tracts_2010.cfm?PK=128102
236,237,128210,4822,3814,533,220,13,197,2,19,24,3411,2588,452,170,10,161,2,8,20,1541,1429,112,Tract: 1282.10\nTotal Population: 4822,navigatela/reports/census_tracts_2010.cfm?PK=128210
237,238,128220,3011,1340,1353,135,5,152,3,14,9,2337,939,1144,106,5,124,3,9,7,1205,1131,74,Tract: 1282.20\nTotal Population: 3011,navigatela/reports/census_tracts_2010.cfm?PK=128220
238,239,128302,4688,3648,610,195,12,179,1,33,10,3429,2539,543,164,11,143,1,18,10,1488,1382,106,Tract: 1283.02\nTotal Population: 4688,navigatela/reports/census_tracts_2010.cfm?PK=128302
239,240,128303,3982,3402,289,118,12,144,0,12,5,2811,2360,229,84,11,119,0,4,4,1127,1056,71,Tract: 1283.03\nTotal Population: 3982,navigatela/reports/census_tracts_2010.cfm?PK=128303
240,241,128400,4114,1489,2076,186,22,295,4,16,26,3193,1035,1752,137,17,225,2,9,16,1723,1654,69,Tract: 1284.00\nTotal Population: 4114,navigatela/reports/census_tracts_2010.cfm?PK=128400
241,242,128500,4015,688,2637,277,18,356,8,14,17,3412,527,2313,222,17,301,7,10,15,2111,1945,166,Tract: 1285.00\nTotal Population: 4015,navigatela/reports/census_tracts_2010.cfm?PK=128500
242,243,128601,4288,2082,1732,208,10,191,16,20,29,3271,1421,1467,167,9,157,14,14,22,1702,1609,93,Tract: 1286.01\nTotal Population: 4288,navigatela/reports/census_tracts_2010.cfm?PK=128601
243,244,128602,3189,562,2235,131,3,223,3,18,14,2596,423,1867,107,3,170,2,14,10,1411,1343,68,Tract: 1286.02\nTotal Population: 3189,navigatela/reports/census_tracts_2010.cfm?PK=128602
244,245,128702,5639,760,3951,384,23,463,14,22,22,4792,598,3431,314,20,385,11,20,13,2844,2705,139,Tract: 1287.02\nTotal Population: 5639,navigatela/reports/census_tracts_2010.cfm?PK=128702
245,246,128801,3307,489,2002,354,12,402,4,17,27,2882,380,1802,307,12,348,4,13,16,1964,1825,139,Tract: 1288.01\nTotal Population: 3307,navigatela/reports/census_tracts_2010.cfm?PK=128801
246,247,128802,4325,797,2718,297,18,438,5,21,31,3513,587,2295,234,14,344,4,16,19,2184,2016,168,Tract: 1288.02\nTotal Population: 4325,navigatela/reports/census_tracts_2010.cfm?PK=128802
247,248,128910,4083,581,2666,323,17,418,6,29,43,3362,451,2264,242,13,341,4,19,28,1937,1824,113,Tract: 1289.10\nTotal Population: 4083,navigatela/reports/census_tracts_2010.cfm?PK=128910
248,249,131010,6409,3570,1361,285,15,1101,9,29,39,4724,2420,1147,218,11,883,7,11,27,2090,1966,124,Tract: 1310.10\nTotal Population: 6409,navigatela/reports/census_tracts_2010.cfm?PK=131010
249,250,131020,5698,3585,1215,166,9,666,12,23,22,4172,2432,1044,128,8,529,11,8,12,1613,1531,82,Tract: 1310.20\nTotal Population: 5698,navigatela/reports/census_tracts_2010.cfm?PK=131020
250,251,131100,3252,1387,1391,151,16,285,6,10,6,2502,968,1180,106,13,217,5,9,4,1063,1020,43,Tract: 1311.00\nTotal Population: 3252,navigatela/reports/census_tracts_2010.cfm?PK=131100
251,252,131200,3429,1246,1500,147,27,456,17,20,16,2696,864,1309,105,24,358,15,10,11,1229,1150,79,Tract: 1312.00\nTotal Population: 3429,navigatela/reports/census_tracts_2010.cfm?PK=131200
252,253,131300,4902,3059,1023,107,20,643,11,17,22,3708,2151,893,82,16,526,11,9,20,1220,1177,43,Tract: 1313.00\nTotal Population: 4902,navigatela/reports/census_tracts_2010.cfm?PK=131300
253,254,131400,5897,2767,1672,376,23,967,26,37,29,4494,1898,1444,288,21,772,24,24,23,1913,1833,80,Tract: 1314.00\nTotal Population: 5897,navigatela/reports/census_tracts_2010.cfm?PK=131400
254,255,131600,5494,2993,1587,148,28,697,8,5,28,4183,2092,1379,108,21,559,4,2,18,1500,1427,73,Tract: 1316.00\nTotal Population: 5494,navigatela/reports/census_tracts_2010.cfm?PK=131600
255,256,131701,4541,1728,1399,308,16,1033,1,29,27,3525,1226,1237,227,13,789,1,14,18,1757,1630,127,Tract: 1317.01\nTotal Population: 4541,navigatela/reports/census_tracts_2010.cfm?PK=131701
256,257,131702,3751,1993,1019,208,10,498,6,5,12,2870,1396,894,160,10,399,6,1,4,1201,1146,55,Tract: 1317.02\nTotal Population: 3751,navigatela/reports/census_tracts_2010.cfm?PK=131702
257,258,131800,5341,3027,1267,148,23,817,7,24,28,3952,2034,1105,113,17,638,6,15,24,1643,1528,115,Tract: 1318.00\nTotal Population: 5341,navigatela/reports/census_tracts_2010.cfm?PK=131800
258,259,131900,4210,2046,1549,139,24,407,5,19,21,3255,1456,1314,99,20,333,5,14,14,1359,1294,65,Tract: 1319.00\nTotal Population: 4210,navigatela/reports/census_tracts_2010.cfm?PK=131900
259,260,132001,3202,1067,1666,123,14,296,3,20,13,2483,730,1378,96,12,245,1,15,6,1166,1111,55,Tract: 1320.01\nTotal Population: 3202,navigatela/reports/census_tracts_2010.cfm?PK=132001
260,261,132002,3299,1305,1566,96,13,277,7,21,14,2566,911,1315,79,11,228,5,9,8,1101,1065,36,Tract: 1320.02\nTotal Population: 3299,navigatela/reports/census_tracts_2010.cfm?PK=132002
261,262,132101,4259,2148,1341,310,7,403,11,19,20,3214,1473,1148,227,5,328,8,10,15,1587,1504,83,Tract: 1321.01\nTotal Population: 4259,navigatela/reports/census_tracts_2010.cfm?PK=132101
262,263,132102,5310,2474,1859,265,23,627,10,19,33,4109,1700,1626,217,21,505,9,12,19,2086,1957,129,Tract: 1321.02\nTotal Population: 5310,navigatela/reports/census_tracts_2010.cfm?PK=132102
263,264,132300,6494,3561,1666,221,27,936,16,34,33,4949,2468,1457,172,19,776,13,23,21,2399,2281,118,Tract: 1323.00\nTotal Population: 6494,navigatela/reports/census_tracts_2010.cfm?PK=132300
264,265,132501,3763,1798,1363,123,9,443,1,20,6,2996,1263,1254,89,9,361,1,14,5,1162,1074,88,Tract: 1325.01\nTotal Population: 3763,navigatela/reports/census_tracts_2010.cfm?PK=132501
265,266,132502,3672,1470,1598,132,11,423,7,14,17,2895,1075,1347,94,7,341,7,12,12,1328,1277,51,Tract: 1325.02\nTotal Population: 3672,navigatela/reports/census_tracts_2010.cfm?PK=132502
266,267,132700,4912,2949,1429,151,17,328,8,15,15,3637,2034,1193,105,14,269,7,7,8,1509,1461,48,Tract: 1327.00\nTotal Population: 4912,navigatela/reports/census_tracts_2010.cfm?PK=132700
267,268,132900,3461,766,2147,113,22,390,4,9,10,2794,545,1825,78,17,314,3,5,7,1329,1275,54,Tract: 1329.00\nTotal Population: 3461,navigatela/reports/census_tracts_2010.cfm?PK=132900
268,269,133000,4449,2489,1215,152,12,542,2,16,21,3344,1718,1039,109,12,438,2,9,17,1263,1199,64,Tract: 1330.00\nTotal Population: 4449,navigatela/reports/census_tracts_2010.cfm?PK=133000
269,270,133100,5446,1804,2748,220,19,596,24,16,19,4380,1251,2407,183,13,484,20,12,10,2116,1936,180,Tract: 1331.00\nTotal Population: 5446,navigatela/reports/census_tracts_2010.cfm?PK=133100
270,271,134001,3765,2840,334,106,1,453,13,8,10,2692,1976,270,79,1,347,8,5,6,955,912,43,Tract: 1340.01\nTotal Population: 3765,navigatela/reports/census_tracts_2010.cfm?PK=134001
271,272,134002,3372,2057,615,114,12,543,5,16,10,2542,1444,550,92,8,427,5,11,5,1045,980,65,Tract: 1340.02\nTotal Population: 3372,navigatela/reports/census_tracts_2010.cfm?PK=134002
272,273,134101,4922,2021,1299,204,11,1328,11,16,32,3720,1363,1130,131,10,1046,7,5,28,1479,1410,69,Tract: 1341.01\nTotal Population: 4922,navigatela/reports/census_tracts_2010.cfm?PK=134101
273,274,134103,4193,1760,1404,202,19,784,2,9,13,3249,1217,1230,150,19,617,2,5,9,1334,1276,58,Tract: 1341.03\nTotal Population: 4193,navigatela/reports/census_tracts_2010.cfm?PK=134103
274,275,134104,4322,1856,856,265,6,1266,11,28,34,3234,1275,698,212,6,993,9,10,31,1395,1244,151,Tract: 1341.04\nTotal Population: 4322,navigatela/reports/census_tracts_2010.cfm?PK=134104
275,276,134201,4270,2328,1180,115,6,612,6,6,17,3086,1497,999,85,6,481,3,3,12,1231,1154,77,Tract: 1342.01\nTotal Population: 4270,navigatela/reports/census_tracts_2010.cfm?PK=134201
276,277,134302,3732,850,2031,141,16,639,8,12,35,2934,612,1697,99,12,480,7,7,20,1267,1239,28,Tract: 1343.02\nTotal Population: 3732,navigatela/reports/census_tracts_2010.cfm?PK=134302
277,278,134303,5057,1786,2146,188,27,865,12,8,25,3982,1258,1854,139,25,679,12,1,14,1838,1753,85,Tract: 1343.03\nTotal Population: 5057,navigatela/reports/census_tracts_2010.cfm?PK=134303
278,279,134304,2882,817,1326,126,13,569,4,14,13,2289,555,1151,95,10,460,2,6,10,953,909,44,Tract: 1343.04\nTotal Population: 2882,navigatela/reports/census_tracts_2010.cfm?PK=134304
279,280,134305,3847,2985,329,114,2,393,1,9,14,2620,1923,281,81,2,316,1,5,11,1076,1017,59,Tract: 1343.05\nTotal Population: 3847,navigatela/reports/census_tracts_2010.cfm?PK=134305
280,281,134306,3498,1555,931,303,21,643,5,8,32,2635,1053,821,218,14,506,3,7,13,1244,1142,102,Tract: 1343.06\nTotal Population: 3498,navigatela/reports/census_tracts_2010.cfm?PK=134306
281,282,134421,3941,330,2902,85,13,577,8,15,11,2976,248,2227,59,11,409,5,10,7,1400,1372,28,Tract: 1344.21\nTotal Population: 3941,navigatela/reports/census_tracts_2010.cfm?PK=134421
282,283,134422,4684,748,2891,193,8,805,7,8,24,3648,544,2322,131,8,623,4,6,10,1598,1557,41,Tract: 1344.22\nTotal Population: 4684,navigatela/reports/census_tracts_2010.cfm?PK=134422
283,284,134423,3414,419,2301,96,7,555,8,9,19,2707,299,1882,64,7,432,5,6,12,1269,1235,34,Tract: 1344.23\nTotal Population: 3414,navigatela/reports/census_tracts_2010.cfm?PK=134423
284,285,134424,2887,194,2063,55,6,527,0,24,18,2208,131,1586,44,2,420,0,12,13,951,941,10,Tract: 1344.24\nTotal Population: 2887,navigatela/reports/census_tracts_2010.cfm?PK=134424
285,286,134520,5453,3968,795,161,14,455,10,32,18,3967,2723,696,134,14,366,7,13,14,1935,1771,164,Tract: 1345.20\nTotal Population: 5453,navigatela/reports/census_tracts_2010.cfm?PK=134520
286,287,134521,3126,2821,162,30,4,91,0,14,4,2133,1932,109,19,3,65,0,1,4,744,693,51,Tract: 1345.21\nTotal Population: 3126,navigatela/reports/census_tracts_2010.cfm?PK=134521
287,288,134522,3954,2768,613,209,9,310,19,7,19,2734,1816,516,130,8,239,7,5,13,1327,1241,86,Tract: 1345.22\nTotal Population: 3954,navigatela/reports/census_tracts_2010.cfm?PK=134522
288,289,134710,5287,3646,739,175,13,654,2,30,28,3719,2405,631,123,9,512,2,17,20,1606,1525,81,Tract: 1347.10\nTotal Population: 5287,navigatela/reports/census_tracts_2010.cfm?PK=134710
289,290,134720,4594,2066,1276,301,17,852,9,31,42,3527,1441,1130,211,16,670,9,24,26,1642,1543,99,Tract: 1347.20\nTotal Population: 4594,navigatela/reports/census_tracts_2010.cfm?PK=134720
290,291,134800,5949,2781,1991,261,30,830,10,10,36,4617,1970,1733,188,27,658,10,8,23,1903,1832,71,Tract: 1348.00\nTotal Population: 5949,navigatela/reports/census_tracts_2010.cfm?PK=134800
291,292,134901,3069,775,1799,148,11,296,7,18,15,2460,561,1517,109,10,239,7,8,9,1176,1128,48,Tract: 1349.01\nTotal Population: 3069,navigatela/reports/census_tracts_2010.cfm?PK=134901
292,293,134903,4216,1653,1287,386,13,807,4,26,40,3398,1213,1151,299,12,671,4,17,31,2138,1824,314,Tract: 1349.03\nTotal Population: 4216,navigatela/reports/census_tracts_2010.cfm?PK=134903
293,294,134904,4338,2363,1281,204,10,452,7,6,15,3250,1622,1094,141,7,367,7,2,10,1451,1363,88,Tract: 1349.04\nTotal Population: 4338,navigatela/reports/census_tracts_2010.cfm?PK=134904
294,295,134905,2819,355,1726,264,10,428,5,11,20,2425,289,1525,212,6,361,5,11,16,1774,1445,329,Tract: 1349.05\nTotal Population: 2819,navigatela/reports/census_tracts_2010.cfm?PK=134905
295,296,135102,3513,615,2260,140,9,439,7,20,23,2804,428,1899,97,8,337,4,16,15,1231,1183,48,Tract: 1351.02\nTotal Population: 3513,navigatela/reports/census_tracts_2010.cfm?PK=135102
296,297,135111,2967,691,1731,139,16,357,7,8,18,2352,477,1456,99,14,280,6,7,13,1184,1116,68,Tract: 1351.11\nTotal Population: 2967,navigatela/reports/census_tracts_2010.cfm?PK=135111
297,298,135113,2795,379,1467,285,19,593,18,21,13,2249,283,1254,201,15,455,15,15,11,1457,1288,169,Tract: 1351.13\nTotal Population: 2795,navigatela/reports/census_tracts_2010.cfm?PK=135113
298,299,135114,4445,563,2274,241,27,1281,4,11,44,3868,424,2130,209,21,1038,4,10,32,2689,2498,191,Tract: 1351.14\nTotal Population: 4445,navigatela/reports/census_tracts_2010.cfm?PK=135114
299,300,135201,2620,379,1780,98,9,339,4,5,6,2017,253,1435,63,8,245,4,5,4,917,866,51,Tract: 1352.01\nTotal Population: 2620,navigatela/reports/census_tracts_2010.cfm?PK=135201
300,301,135202,4255,658,2854,138,33,541,4,10,17,3221,436,2253,91,26,395,4,5,11,1507,1466,41,Tract: 1352.02\nTotal Population: 4255,navigatela/reports/census_tracts_2010.cfm?PK=135202
301,302,135203,6273,809,4360,155,25,853,17,16,38,4851,561,3486,109,18,636,12,11,18,2198,2143,55,Tract: 1352.03\nTotal Population: 6273,navigatela/reports/census_tracts_2010.cfm?PK=135203
302,303,137103,4199,492,2580,273,17,763,9,15,50,3615,388,2319,219,14,622,9,12,32,2523,2136,387,Tract: 1371.03\nTotal Population: 4199,navigatela/reports/census_tracts_2010.cfm?PK=137103
303,304,137104,2717,246,2095,91,6,256,8,9,6,2249,177,1777,62,4,208,8,7,6,1085,1046,39,Tract: 1371.04\nTotal Population: 2717,navigatela/reports/census_tracts_2010.cfm?PK=137104
304,305,137201,5270,720,3372,301,28,766,9,29,45,4242,507,2830,217,20,604,9,24,31,2339,2186,153,Tract: 1372.01\nTotal Population: 5270,navigatela/reports/census_tracts_2010.cfm?PK=137201
305,306,137301,2264,170,1788,67,12,218,1,6,2,1772,130,1417,51,9,159,1,4,1,807,776,31,Tract: 1373.01\nTotal Population: 2264,navigatela/reports/census_tracts_2010.cfm?PK=137301
306,307,137302,4338,336,3404,93,4,454,10,10,27,3478,220,2811,67,3,349,8,5,15,1606,1560,46,Tract: 1373.02\nTotal Population: 4338,navigatela/reports/census_tracts_2010.cfm?PK=137302
307,308,137401,4157,411,3210,142,16,334,5,16,23,3210,283,2534,100,13,252,4,7,17,1707,1624,83,Tract: 1374.01\nTotal Population: 4157,navigatela/reports/census_tracts_2010.cfm?PK=137401
308,309,137402,5364,414,4096,265,12,517,7,22,31,4309,289,3374,196,9,404,6,11,20,2151,2063,88,Tract: 1374.02\nTotal Population: 5364,navigatela/reports/census_tracts_2010.cfm?PK=137402
309,310,137501,4124,535,2789,253,9,484,6,12,36,3328,401,2300,186,7,399,5,9,21,1820,1728,92,Tract: 1375.01\nTotal Population: 4124,navigatela/reports/census_tracts_2010.cfm?PK=137501
310,311,137502,4202,417,3162,195,16,359,9,15,29,3424,303,2661,131,14,279,7,12,17,2023,1853,170,Tract: 1375.02\nTotal Population: 4202,navigatela/reports/census_tracts_2010.cfm?PK=137502
311,312,137504,1939,83,1610,77,0,149,3,7,10,1539,56,1314,44,0,112,2,4,7,724,701,23,Tract: 1375.04\nTotal Population: 1939,navigatela/reports/census_tracts_2010.cfm?PK=137504
312,313,138000,4484,350,3604,123,27,327,7,17,29,3626,262,2954,86,22,260,6,14,22,1879,1809,70,Tract: 1380.00\nTotal Population: 4484,navigatela/reports/census_tracts_2010.cfm?PK=138000
313,314,139001,4767,851,3149,251,25,437,15,10,29,3851,641,2633,184,21,337,8,8,19,2185,2032,153,Tract: 1390.01\nTotal Population: 4767,navigatela/reports/census_tracts_2010.cfm?PK=139001
314,315,139200,5175,912,3393,268,21,512,20,25,24,4205,676,2848,200,16,416,17,16,16,2433,2227,206,Tract: 1392.00\nTotal Population: 5175,navigatela/reports/census_tracts_2010.cfm?PK=139200
315,316,139301,4462,426,3397,177,12,398,21,13,18,3531,309,2746,119,10,310,13,11,13,1712,1610,102,Tract: 1393.01\nTotal Population: 4462,navigatela/reports/census_tracts_2010.cfm?PK=139301
316,317,139302,4422,1197,2185,447,18,518,15,16,26,3589,856,1924,329,18,423,12,6,21,2079,1945,134,Tract: 1393.02\nTotal Population: 4422,navigatela/reports/census_tracts_2010.cfm?PK=139302
317,318,139303,4186,1120,2251,302,22,409,10,37,35,3415,791,1967,239,18,341,9,27,23,2011,1883,128,Tract: 1393.03\nTotal Population: 4186,navigatela/reports/census_tracts_2010.cfm?PK=139303
318,319,139401,2645,582,1586,149,21,256,12,13,26,2132,446,1310,115,14,211,11,8,17,1308,1183,125,Tract: 1394.01\nTotal Population: 2645,navigatela/reports/census_tracts_2010.cfm?PK=139401
319,320,139402,2851,148,2413,51,11,190,9,10,19,2122,100,1808,36,11,140,7,7,13,983,941,42,Tract: 1394.02\nTotal Population: 2851,navigatela/reports/census_tracts_2010.cfm?PK=139402
320,321,139502,3007,259,2325,54,10,316,14,20,9,2395,196,1880,47,7,234,12,12,7,1247,1192,55,Tract: 1395.02\nTotal Population: 3007,navigatela/reports/census_tracts_2010.cfm?PK=139502
321,322,139503,4657,537,3420,187,8,430,18,38,19,4071,426,3041,156,8,381,18,28,13,2617,2436,181,Tract: 1395.03\nTotal Population: 4657,navigatela/reports/census_tracts_2010.cfm?PK=139503
322,323,139504,3476,343,2653,139,7,289,20,11,14,3037,257,2369,121,4,246,18,10,12,1854,1737,117,Tract: 1395.04\nTotal Population: 3476,navigatela/reports/census_tracts_2010.cfm?PK=139504
323,324,139600,4633,393,3594,199,16,389,9,6,27,3896,315,3051,155,13,332,7,3,20,2273,2121,152,Tract: 1396.00\nTotal Population: 4633,navigatela/reports/census_tracts_2010.cfm?PK=139600
324,325,139701,4920,319,4091,106,4,366,10,11,13,3855,235,3251,71,4,272,9,5,8,2016,1919,97,Tract: 1397.01\nTotal Population: 4920,navigatela/reports/census_tracts_2010.cfm?PK=139701
325,326,139702,6250,272,5361,98,13,464,14,11,17,4817,201,4150,71,8,358,11,7,11,2381,2314,67,Tract: 1397.02\nTotal Population: 6250,navigatela/reports/census_tracts_2010.cfm?PK=139702
326,327,139703,2943,129,2477,50,5,248,7,7,20,2273,104,1925,31,3,189,5,7,9,1028,990,38,Tract: 1397.03\nTotal Population: 2943,navigatela/reports/census_tracts_2010.cfm?PK=139703
327,328,139801,3539,126,3099,52,7,229,9,9,8,2735,89,2407,37,4,179,8,6,5,1330,1270,60,Tract: 1398.01\nTotal Population: 3539,navigatela/reports/census_tracts_2010.cfm?PK=139801
328,329,139802,3865,178,3225,100,1,341,1,3,16,3014,131,2555,68,0,253,0,0,7,1405,1372,33,Tract: 1398.02\nTotal Population: 3865,navigatela/reports/census_tracts_2010.cfm?PK=139802
329,330,141101,4066,490,2891,244,20,357,13,15,36,3489,392,2556,194,16,285,10,15,21,2418,2248,170,Tract: 1411.01\nTotal Population: 4066,navigatela/reports/census_tracts_2010.cfm?PK=141101
330,331,141102,2869,325,2135,156,6,206,1,20,20,2367,250,1791,123,6,168,1,15,13,1450,1368,82,Tract: 1411.02\nTotal Population: 2869,navigatela/reports/census_tracts_2010.cfm?PK=141102
331,332,141201,3707,593,2497,284,7,283,7,9,27,3120,464,2160,223,7,233,7,9,17,2024,1892,132,Tract: 1412.01\nTotal Population: 3707,navigatela/reports/census_tracts_2010.cfm?PK=141201
332,333,141202,2800,253,2181,121,4,203,2,13,23,2334,205,1833,97,4,169,1,11,14,1504,1413,91,Tract: 1412.02\nTotal Population: 2800,navigatela/reports/census_tracts_2010.cfm?PK=141202
333,334,141302,5504,646,3880,320,18,574,10,20,36,4764,538,3400,273,15,491,9,16,22,3080,2897,183,Tract: 1413.02\nTotal Population: 5504,navigatela/reports/census_tracts_2010.cfm?PK=141302
334,335,141303,3089,411,2161,192,9,289,3,15,9,2735,327,1960,159,8,258,2,12,9,1784,1680,104,Tract: 1413.03\nTotal Population: 3089,navigatela/reports/census_tracts_2010.cfm?PK=141303
335,336,141304,2738,236,2100,120,14,229,9,11,19,2303,186,1798,100,13,183,2,9,12,1525,1422,103,Tract: 1413.04\nTotal Population: 2738,navigatela/reports/census_tracts_2010.cfm?PK=141304
336,337,141400,4412,411,3459,166,9,320,12,19,16,3599,313,2853,124,9,261,10,15,14,2078,1948,130,Tract: 1414.00\nTotal Population: 4412,navigatela/reports/census_tracts_2010.cfm?PK=141400
337,338,141500,2984,160,2520,45,4,225,6,16,8,2342,129,1990,33,4,167,3,11,5,1166,1128,38,Tract: 1415.00\nTotal Population: 2984,navigatela/reports/census_tracts_2010.cfm?PK=141500
338,339,141600,4029,219,3379,99,9,307,1,6,9,3236,170,2725,72,8,249,1,6,5,1745,1673,72,Tract: 1416.00\nTotal Population: 4029,navigatela/reports/census_tracts_2010.cfm?PK=141600
339,340,141700,3091,156,2573,89,6,235,3,14,15,2452,112,2080,64,3,168,3,11,11,1343,1269,74,Tract: 1417.00\nTotal Population: 3091,navigatela/reports/census_tracts_2010.cfm?PK=141700
340,341,143100,3984,490,2988,184,22,265,3,9,23,3473,390,2648,155,19,237,3,7,14,2277,2093,184,Tract: 1431.00\nTotal Population: 3984,navigatela/reports/census_tracts_2010.cfm?PK=143100
341,342,143200,3743,705,2285,332,25,341,8,13,34,3251,560,2062,271,25,290,7,10,26,2141,1986,155,Tract: 1432.00\nTotal Population: 3743,navigatela/reports/census_tracts_2010.cfm?PK=143200
342,343,143300,5871,927,4117,298,25,436,7,23,38,4905,695,3548,244,23,346,5,20,24,3128,2953,175,Tract: 1433.00\nTotal Population: 5871,navigatela/reports/census_tracts_2010.cfm?PK=143300
343,344,143400,5881,596,4533,252,40,378,4,41,37,4937,477,3850,214,27,310,4,26,29,3181,2935,246,Tract: 1434.00\nTotal Population: 5881,navigatela/reports/census_tracts_2010.cfm?PK=143400
344,345,143500,4708,383,3723,186,22,342,6,16,30,3876,318,3099,143,18,258,5,12,23,2388,2238,150,Tract: 1435.00\nTotal Population: 4708,navigatela/reports/census_tracts_2010.cfm?PK=143500
345,346,143602,4260,348,3291,198,27,353,3,11,29,3595,291,2804,164,25,279,3,8,21,2137,2045,92,Tract: 1436.02\nTotal Population: 4260,navigatela/reports/census_tracts_2010.cfm?PK=143602
346,347,143603,2222,277,1593,125,13,183,1,13,17,1982,227,1457,104,11,157,1,10,15,1310,1244,66,Tract: 1436.03\nTotal Population: 2222,navigatela/reports/census_tracts_2010.cfm?PK=143603
347,348,143604,3205,413,1964,328,22,427,14,13,24,2991,368,1871,298,20,390,11,12,21,2313,2006,307,Tract: 1436.04\nTotal Population: 3205,navigatela/reports/census_tracts_2010.cfm?PK=143604
348,349,143700,3748,265,2927,176,19,318,5,25,13,3287,212,2614,138,16,274,3,20,10,2085,1903,182,Tract: 1437.00\nTotal Population: 3748,navigatela/reports/census_tracts_2010.cfm?PK=143700
349,350,143800,4878,355,3856,218,14,400,4,9,22,4089,271,3284,175,12,324,3,6,14,2507,2341,166,Tract: 1438.00\nTotal Population: 4878,navigatela/reports/census_tracts_2010.cfm?PK=143800
350,351,143901,4068,244,3375,82,9,327,8,18,5,3190,177,2687,64,7,237,5,8,5,1741,1647,94,Tract: 1439.01\nTotal Population: 4068,navigatela/reports/census_tracts_2010.cfm?PK=143901
351,352,143902,3000,218,2438,114,13,196,1,10,10,2460,172,2013,96,13,149,1,8,8,1453,1390,63,Tract: 1439.02\nTotal Population: 3000,navigatela/reports/census_tracts_2010.cfm?PK=143902
352,353,181000,6144,1695,2565,110,42,1663,10,18,41,5010,1258,2208,88,34,1372,10,13,27,2315,2216,99,Tract: 1810.00\nTotal Population: 6144,navigatela/reports/census_tracts_2010.cfm?PK=181000
353,354,181300,3629,1209,1146,90,15,1139,5,8,17,2944,881,1021,62,13,946,5,5,11,1399,1340,59,Tract: 1813.00\nTotal Population: 3629,navigatela/reports/census_tracts_2010.cfm?PK=181300
354,355,181400,4302,1536,1262,118,20,1322,2,11,31,3502,1154,1150,93,15,1054,2,9,25,1760,1666,94,Tract: 1814.00\nTotal Population: 4302,navigatela/reports/census_tracts_2010.cfm?PK=181400
355,356,181500,3812,1607,1198,61,29,886,8,6,17,3060,1223,1022,51,21,714,8,5,16,1393,1342,51,Tract: 1815.00\nTotal Population: 3812,navigatela/reports/census_tracts_2010.cfm?PK=181500
356,357,181600,4352,1591,1582,99,27,990,12,10,41,3707,1189,1507,97,25,835,11,9,34,1043,993,50,Tract: 1816.00\nTotal Population: 4352,navigatela/reports/census_tracts_2010.cfm?PK=181600
357,358,183101,3922,2607,817,79,24,365,5,12,13,3021,1886,720,56,20,319,4,9,7,1336,1280,56,Tract: 1831.01\nTotal Population: 3922,navigatela/reports/census_tracts_2010.cfm?PK=183101
358,359,183103,3967,2897,452,130,31,424,2,14,17,2986,2072,397,108,17,367,2,9,14,1432,1350,82,Tract: 1831.03\nTotal Population: 3967,navigatela/reports/census_tracts_2010.cfm?PK=183103
359,360,183104,2065,1079,465,56,7,434,4,12,8,1660,825,415,45,7,351,4,6,7,779,748,31,Tract: 1831.04\nTotal Population: 2065,navigatela/reports/census_tracts_2010.cfm?PK=183104
360,361,183220,4114,3072,356,66,10,580,5,20,5,2995,2148,292,48,10,479,5,9,4,1184,1123,61,Tract: 1832.20\nTotal Population: 4114,navigatela/reports/census_tracts_2010.cfm?PK=183220
361,362,183221,3118,2062,654,90,17,275,5,4,11,2328,1430,580,53,14,238,3,2,8,1051,998,53,Tract: 1832.21\nTotal Population: 3118,navigatela/reports/census_tracts_2010.cfm?PK=183221
362,363,183222,3483,1712,924,115,25,659,8,12,28,2843,1312,843,93,21,537,8,7,22,1361,1291,70,Tract: 1832.22\nTotal Population: 3483,navigatela/reports/census_tracts_2010.cfm?PK=183222
363,364,183300,3480,2504,304,19,8,620,2,17,6,2557,1757,255,12,8,512,2,6,5,1041,990,51,Tract: 1833.00\nTotal Population: 3480,navigatela/reports/census_tracts_2010.cfm?PK=183300
364,365,183401,2543,1565,398,37,11,508,3,7,14,1991,1174,347,28,8,420,3,4,7,850,812,38,Tract: 1834.01\nTotal Population: 2543,navigatela/reports/census_tracts_2010.cfm?PK=183401
365,366,183402,2820,1326,505,49,2,914,5,7,12,2228,968,467,42,2,732,5,7,5,994,914,80,Tract: 1834.02\nTotal Population: 2820,navigatela/reports/census_tracts_2010.cfm?PK=183402
366,367,183510,2725,2131,303,20,14,248,0,2,7,2050,1547,258,17,13,209,0,1,5,783,759,24,Tract: 1835.10\nTotal Population: 2725,navigatela/reports/census_tracts_2010.cfm?PK=183510
367,368,183520,3881,3314,340,55,15,140,3,7,7,2715,2223,302,39,12,125,3,4,7,1131,1072,59,Tract: 1835.20\nTotal Population: 3881,navigatela/reports/census_tracts_2010.cfm?PK=183520
368,369,183610,3275,2641,270,71,13,243,2,17,18,2367,1838,233,56,11,206,2,9,12,1021,934,87,Tract: 1836.10\nTotal Population: 3275,navigatela/reports/census_tracts_2010.cfm?PK=183610
369,370,183620,3264,2409,404,45,15,373,2,8,8,2360,1630,365,32,13,307,2,5,6,1018,962,56,Tract: 1836.20\nTotal Population: 3264,navigatela/reports/census_tracts_2010.cfm?PK=183620
370,371,183701,3922,3260,321,115,16,191,0,4,15,2827,2241,297,91,11,174,0,3,10,1366,1263,103,Tract: 1837.01\nTotal Population: 3922,navigatela/reports/census_tracts_2010.cfm?PK=183701
371,372,183702,2802,1618,454,120,13,577,1,7,12,2225,1188,414,93,12,502,1,5,10,1103,1048,55,Tract: 1837.02\nTotal Population: 2802,navigatela/reports/census_tracts_2010.cfm?PK=183702
372,373,183810,4369,3825,276,66,15,165,3,1,18,3026,2546,248,52,13,153,3,1,10,1369,1276,93,Tract: 1838.10\nTotal Population: 4369,navigatela/reports/census_tracts_2010.cfm?PK=183810
373,374,183820,3464,3053,178,58,7,151,3,11,3,2365,2017,154,45,5,131,2,8,3,1061,1000,61,Tract: 1838.20\nTotal Population: 3464,navigatela/reports/census_tracts_2010.cfm?PK=183820
374,375,185100,6295,3340,1992,190,26,696,5,18,28,5031,2434,1784,165,24,586,5,13,20,2338,2240,98,Tract: 1851.00\nTotal Population: 6295,navigatela/reports/census_tracts_2010.cfm?PK=185100
375,376,185202,3712,2377,889,120,14,272,2,14,24,2858,1698,790,96,13,229,2,12,18,1379,1308,71,Tract: 1852.02\nTotal Population: 3712,navigatela/reports/census_tracts_2010.cfm?PK=185202
376,377,185203,3200,2712,237,44,7,188,1,5,6,2319,1896,212,33,6,163,0,5,4,934,893,41,Tract: 1852.03\nTotal Population: 3200,navigatela/reports/census_tracts_2010.cfm?PK=185203
377,378,185204,2091,896,581,59,4,526,1,4,20,1664,641,496,47,4,462,1,4,9,742,705,37,Tract: 1852.04\nTotal Population: 2091,navigatela/reports/census_tracts_2010.cfm?PK=185204
378,379,185310,3061,2754,93,15,9,180,1,6,3,2173,1942,59,13,5,147,0,4,3,865,818,47,Tract: 1853.10\nTotal Population: 3061,navigatela/reports/census_tracts_2010.cfm?PK=185310
379,380,185320,3081,2774,113,19,6,163,0,3,3,2278,2012,106,16,5,133,0,3,3,921,856,65,Tract: 1853.20\nTotal Population: 3081,navigatela/reports/census_tracts_2010.cfm?PK=185320
380,381,186100,4715,1648,1430,73,18,1491,12,16,27,3839,1271,1256,66,14,1194,9,9,20,1857,1756,101,Tract: 1861.00\nTotal Population: 4715,navigatela/reports/census_tracts_2010.cfm?PK=186100
381,382,186201,3068,1299,475,70,18,1162,2,10,32,2483,965,435,58,12,979,2,5,27,1181,1124,57,Tract: 1862.01\nTotal Population: 3068,navigatela/reports/census_tracts_2010.cfm?PK=186201
382,383,186202,1974,886,315,41,5,708,3,5,11,1571,642,285,34,3,590,3,3,11,731,683,48,Tract: 1862.02\nTotal Population: 1974,navigatela/reports/census_tracts_2010.cfm?PK=186202
383,384,186203,2936,1453,905,65,7,454,2,20,30,2326,1073,788,56,6,374,2,8,19,1094,1033,61,Tract: 1862.03\nTotal Population: 2936,navigatela/reports/census_tracts_2010.cfm?PK=186203
384,385,186301,2999,2205,378,81,5,310,2,3,15,2103,1422,345,60,5,256,2,2,11,939,870,69,Tract: 1863.01\nTotal Population: 2999,navigatela/reports/census_tracts_2010.cfm?PK=186301
385,386,186302,5198,2864,1098,112,16,1059,4,18,27,4077,2054,997,101,14,883,4,9,15,1830,1726,104,Tract: 1863.02\nTotal Population: 5198,navigatela/reports/census_tracts_2010.cfm?PK=186302
386,387,186401,3452,2856,109,23,0,439,2,6,17,2370,1886,95,18,0,355,2,1,13,989,946,43,Tract: 1864.01\nTotal Population: 3452,navigatela/reports/census_tracts_2010.cfm?PK=186401
387,388,186403,2899,2078,181,29,7,591,4,1,8,2206,1494,166,22,7,512,2,0,3,842,802,40,Tract: 1864.03\nTotal Population: 2899,navigatela/reports/census_tracts_2010.cfm?PK=186403
388,389,186404,2471,1925,175,16,4,342,0,8,1,1807,1345,159,13,4,282,0,3,1,711,675,36,Tract: 1864.04\nTotal Population: 2471,navigatela/reports/census_tracts_2010.cfm?PK=186404
389,390,187101,3235,1459,852,39,25,824,6,8,22,2677,1161,766,31,20,671,4,4,20,1281,1221,60,Tract: 1871.01\nTotal Population: 3235,navigatela/reports/census_tracts_2010.cfm?PK=187101
390,391,187102,3254,1954,522,46,5,699,5,7,16,2557,1437,469,37,5,586,4,5,14,1174,1095,79,Tract: 1871.02\nTotal Population: 3254,navigatela/reports/census_tracts_2010.cfm?PK=187102
391,392,187200,3132,2389,279,36,6,392,3,0,27,2351,1704,256,28,6,332,3,0,22,917,860,57,Tract: 1872.00\nTotal Population: 3132,navigatela/reports/census_tracts_2010.cfm?PK=187200
392,393,187300,3216,751,1639,108,17,656,9,10,26,2749,599,1480,90,13,539,8,5,15,1585,1485,100,Tract: 1873.00\nTotal Population: 3216,navigatela/reports/census_tracts_2010.cfm?PK=187300
393,394,188100,4076,2274,1111,101,15,554,0,13,8,3312,1703,1012,91,15,476,0,11,4,1773,1683,90,Tract: 1881.00\nTotal Population: 4076,navigatela/reports/census_tracts_2010.cfm?PK=188100
394,395,188201,3270,573,1974,162,15,509,6,8,23,2921,488,1792,145,15,449,4,7,21,1999,1881,118,Tract: 1882.01\nTotal Population: 3270,navigatela/reports/census_tracts_2010.cfm?PK=188201
395,396,188202,2347,294,1559,84,8,378,2,7,15,2057,243,1380,76,6,334,2,7,9,1271,1149,122,Tract: 1882.02\nTotal Population: 2347,navigatela/reports/census_tracts_2010.cfm?PK=188202
396,397,188300,3536,1113,1283,33,6,1061,19,8,13,2987,879,1138,29,6,910,13,5,7,1463,1382,81,Tract: 1883.00\nTotal Population: 3536,navigatela/reports/census_tracts_2010.cfm?PK=188300
397,398,189101,2743,383,1826,80,20,387,9,17,21,2463,327,1655,70,17,356,9,12,17,1485,1381,104,Tract: 1891.01\nTotal Population: 2743,navigatela/reports/census_tracts_2010.cfm?PK=189101
398,399,189102,3096,350,2215,78,10,412,8,9,14,2863,313,2063,73,10,375,8,7,14,2037,1871,166,Tract: 1891.02\nTotal Population: 3096,navigatela/reports/census_tracts_2010.cfm?PK=189102
399,400,189201,3293,470,2269,132,15,374,12,7,14,3014,402,2100,123,12,346,11,6,14,2081,1966,115,Tract: 1892.01\nTotal Population: 3293,navigatela/reports/census_tracts_2010.cfm?PK=189201
400,401,189202,2718,271,1988,45,11,373,2,18,10,2373,219,1759,40,10,322,1,12,10,1355,1261,94,Tract: 1892.02\nTotal Population: 2718,navigatela/reports/census_tracts_2010.cfm?PK=189202
401,402,189300,3077,182,2340,86,5,446,0,12,6,2578,150,1954,72,5,383,0,10,4,1391,1292,99,Tract: 1893.00\nTotal Population: 3077,navigatela/reports/census_tracts_2010.cfm?PK=189300
402,403,189400,3448,215,2812,132,24,231,4,15,15,3070,182,2533,111,23,195,4,13,9,2020,1863,157,Tract: 1894.00\nTotal Population: 3448,navigatela/reports/census_tracts_2010.cfm?PK=189400
403,404,189500,4452,564,3213,239,31,343,8,22,32,4162,497,3050,226,31,304,8,16,30,2976,2796,180,Tract: 1895.00\nTotal Population: 4452,navigatela/reports/census_tracts_2010.cfm?PK=189500
404,405,189600,3529,487,2545,219,23,214,5,11,25,3219,411,2363,196,23,188,4,10,24,2262,1990,272,Tract: 1896.00\nTotal Population: 3529,navigatela/reports/census_tracts_2010.cfm?PK=189600
405,406,189701,3942,437,2803,237,23,390,5,28,19,3515,379,2532,205,22,332,5,27,13,2610,2098,512,Tract: 1897.01\nTotal Population: 3942,navigatela/reports/census_tracts_2010.cfm?PK=189701
406,407,189702,2227,207,1714,112,12,148,4,12,18,2034,186,1578,98,12,129,4,10,17,1595,1342,253,Tract: 1897.02\nTotal Population: 2227,navigatela/reports/census_tracts_2010.cfm?PK=189702
407,408,189800,4021,413,3115,185,11,247,6,17,27,3755,372,2921,172,11,231,5,17,26,2612,2405,207,Tract: 1898.00\nTotal Population: 4021,navigatela/reports/census_tracts_2010.cfm?PK=189800
408,409,189902,4971,510,3771,227,37,352,13,33,28,4706,477,3583,213,33,332,11,31,26,3176,2986,190,Tract: 1899.02\nTotal Population: 4971,navigatela/reports/census_tracts_2010.cfm?PK=189902
409,410,189903,2164,182,1673,109,5,159,4,18,14,2092,172,1624,103,5,154,4,16,14,1591,1491,100,Tract: 1899.03\nTotal Population: 2164,navigatela/reports/census_tracts_2010.cfm?PK=189903
410,411,189904,2260,301,1595,112,7,209,4,16,16,2118,267,1524,104,7,182,4,16,14,1496,1402,94,Tract: 1899.04\nTotal Population: 2260,navigatela/reports/census_tracts_2010.cfm?PK=189904
411,412,189905,2304,214,1813,92,10,154,2,10,9,2122,178,1690,81,10,144,2,9,8,1549,1435,114,Tract: 1899.05\nTotal Population: 2304,navigatela/reports/census_tracts_2010.cfm?PK=189905
412,413,190100,4481,817,2806,335,31,425,10,25,32,4217,729,2692,313,24,399,10,22,28,3019,2737,282,Tract: 1901.00\nTotal Population: 4481,navigatela/reports/census_tracts_2010.cfm?PK=190100
413,414,190201,2870,987,1374,276,23,169,8,12,21,2610,770,1353,270,17,162,7,10,21,1669,1488,181,Tract: 1902.01\nTotal Population: 2870,navigatela/reports/census_tracts_2010.cfm?PK=190201
414,415,190202,3044,712,1670,261,28,311,10,15,37,2910,630,1646,252,28,296,10,15,33,2201,2027,174,Tract: 1902.02\nTotal Population: 3044,navigatela/reports/census_tracts_2010.cfm?PK=190202
415,416,190301,4758,1163,2860,265,18,391,8,20,33,4355,992,2675,247,17,369,7,17,31,2767,2411,356,Tract: 1903.01\nTotal Population: 4758,navigatela/reports/census_tracts_2010.cfm?PK=190301
416,417,190401,3135,677,1862,144,18,391,11,11,21,2831,551,1730,139,16,361,8,8,18,1823,1714,109,Tract: 1904.01\nTotal Population: 3135,navigatela/reports/census_tracts_2010.cfm?PK=190401
417,418,190402,2487,444,1494,123,7,385,9,8,17,2219,359,1376,103,7,341,9,7,17,1397,1324,73,Tract: 1904.02\nTotal Population: 2487,navigatela/reports/census_tracts_2010.cfm?PK=190402
418,419,190510,4227,1663,1391,321,14,780,16,18,24,3429,1204,1233,271,13,660,16,13,19,1763,1648,115,Tract: 1905.10\nTotal Population: 4227,navigatela/reports/census_tracts_2010.cfm?PK=190510
419,420,190520,3728,1408,1592,99,11,587,2,16,13,3046,1027,1393,89,10,507,2,7,11,1646,1563,83,Tract: 1905.20\nTotal Population: 3728,navigatela/reports/census_tracts_2010.cfm?PK=190520
420,421,190700,3379,1160,1591,319,20,239,11,13,26,3094,959,1542,305,20,221,11,13,23,2033,1821,212,Tract: 1907.00\nTotal Population: 3379,navigatela/reports/census_tracts_2010.cfm?PK=190700
421,422,190801,2594,1200,944,188,9,221,3,12,17,2281,955,909,180,9,201,3,9,15,1495,1331,164,Tract: 1908.01\nTotal Population: 2594,navigatela/reports/census_tracts_2010.cfm?PK=190801
422,423,190802,2784,1396,971,123,15,248,1,15,15,2348,1069,913,112,15,214,1,9,15,1393,1280,113,Tract: 1908.02\nTotal Population: 2784,navigatela/reports/census_tracts_2010.cfm?PK=190802
423,424,190901,4742,3608,666,181,7,253,9,12,6,3620,2630,565,173,7,220,9,11,5,1553,1492,61,Tract: 1909.01\nTotal Population: 4742,navigatela/reports/census_tracts_2010.cfm?PK=190901
424,425,190902,3960,2405,1101,133,5,272,4,27,13,3145,1755,990,125,5,240,4,13,13,1665,1552,113,Tract: 1909.02\nTotal Population: 3960,navigatela/reports/census_tracts_2010.cfm?PK=190902
425,426,191000,3228,1426,1177,298,26,255,11,14,21,2795,1101,1134,269,22,229,11,13,16,2075,1403,672,Tract: 1910.00\nTotal Population: 3228,navigatela/reports/census_tracts_2010.cfm?PK=191000
426,427,191110,3338,1221,1585,105,14,381,11,13,8,2886,924,1488,102,12,339,8,5,8,1197,1130,67,Tract: 1911.10\nTotal Population: 3338,navigatela/reports/census_tracts_2010.cfm?PK=191110
427,428,191120,4135,2221,1234,164,12,454,8,25,17,3383,1638,1135,153,12,405,6,19,15,1623,1527,96,Tract: 1911.20\nTotal Population: 4135,navigatela/reports/census_tracts_2010.cfm?PK=191120
428,429,191201,4591,1374,2319,160,21,638,30,13,36,4009,1054,2160,154,20,555,26,8,32,1784,1647,137,Tract: 1912.01\nTotal Population: 4591,navigatela/reports/census_tracts_2010.cfm?PK=191201
429,430,191203,2922,1319,801,137,10,621,1,9,24,2421,1003,734,115,9,537,1,6,16,1248,1178,70,Tract: 1912.03\nTotal Population: 2922,navigatela/reports/census_tracts_2010.cfm?PK=191203
430,431,191204,2124,974,701,54,5,361,4,11,14,1739,720,613,52,5,327,4,4,14,884,825,59,Tract: 1912.04\nTotal Population: 2124,navigatela/reports/census_tracts_2010.cfm?PK=191204
431,432,191301,2327,1319,411,96,5,481,1,5,9,1908,1007,384,82,4,419,1,5,6,969,913,56,Tract: 1913.01\nTotal Population: 2327,navigatela/reports/census_tracts_2010.cfm?PK=191301
432,433,191302,2422,1151,498,93,7,651,1,10,11,1987,844,484,84,7,550,1,8,9,1034,989,45,Tract: 1913.02\nTotal Population: 2422,navigatela/reports/census_tracts_2010.cfm?PK=191302
433,434,191410,5092,3723,304,189,11,802,10,19,34,3884,2690,276,162,11,704,5,8,28,1781,1690,91,Tract: 1914.10\nTotal Population: 5092,navigatela/reports/census_tracts_2010.cfm?PK=191410
434,435,191420,3365,2355,293,54,2,638,3,13,7,2529,1672,259,47,2,532,3,8,6,1203,1117,86,Tract: 1914.20\nTotal Population: 3365,navigatela/reports/census_tracts_2010.cfm?PK=191420
435,436,191500,5551,3369,945,81,16,1104,3,8,25,4208,2359,802,76,13,934,1,4,19,1808,1705,103,Tract: 1915.00\nTotal Population: 5551,navigatela/reports/census_tracts_2010.cfm?PK=191500
436,437,191610,4502,3380,473,72,5,528,0,25,19,3415,2454,425,65,4,443,0,13,11,1487,1393,94,Tract: 1916.10\nTotal Population: 4502,navigatela/reports/census_tracts_2010.cfm?PK=191610
437,438,191620,2789,1681,563,101,13,408,1,5,17,2259,1258,514,85,9,376,1,2,14,1175,1125,50,Tract: 1916.20\nTotal Population: 2789,navigatela/reports/census_tracts_2010.cfm?PK=191620
438,439,191710,3231,2167,617,88,2,319,6,11,21,2552,1626,536,80,2,284,6,5,13,1356,1271,85,Tract: 1917.10\nTotal Population: 3231,navigatela/reports/census_tracts_2010.cfm?PK=191710
439,440,191720,3770,2762,504,120,4,358,3,10,9,2892,1997,448,106,4,319,3,7,8,1364,1295,69,Tract: 1917.20\nTotal Population: 3770,navigatela/reports/census_tracts_2010.cfm?PK=191720
440,441,191810,3498,2544,597,155,8,163,4,17,10,2679,1793,560,138,8,154,3,14,9,1423,1292,131,Tract: 1918.10\nTotal Population: 3498,navigatela/reports/census_tracts_2010.cfm?PK=191810
441,442,191820,2647,1398,789,123,9,283,6,21,18,2186,1039,749,115,9,241,6,13,14,1329,1225,104,Tract: 1918.20\nTotal Population: 2647,navigatela/reports/census_tracts_2010.cfm?PK=191820
442,443,191901,3355,888,1784,241,15,335,14,48,30,3022,722,1684,224,15,301,13,36,27,1890,1771,119,Tract: 1919.01\nTotal Population: 3355,navigatela/reports/census_tracts_2010.cfm?PK=191901
443,444,191902,2867,391,2017,101,11,314,5,13,15,2451,340,1720,87,10,268,3,11,12,1556,1467,89,Tract: 1919.02\nTotal Population: 2867,navigatela/reports/census_tracts_2010.cfm?PK=191902
444,445,192001,2466,294,1828,144,12,167,5,5,11,2158,265,1559,141,12,160,5,5,11,1317,1234,83,Tract: 1920.01\nTotal Population: 2466,navigatela/reports/census_tracts_2010.cfm?PK=192001
445,446,192002,2735,215,2188,83,15,205,2,12,15,2403,190,1928,69,13,177,2,12,12,1454,1361,93,Tract: 1920.02\nTotal Population: 2735,navigatela/reports/census_tracts_2010.cfm?PK=192002
446,447,192300,2799,222,1873,140,7,527,1,11,18,2505,199,1693,126,7,458,1,9,12,1728,1586,142,Tract: 1923.00\nTotal Population: 2799,navigatela/reports/census_tracts_2010.cfm?PK=192300
447,448,192410,3628,907,1645,128,9,895,3,17,24,3078,705,1453,116,9,764,2,13,16,1858,1728,130,Tract: 1924.10\nTotal Population: 3628,navigatela/reports/census_tracts_2010.cfm?PK=192410
448,449,192420,3637,1640,404,99,8,1441,4,24,17,2954,1243,386,81,6,1205,4,13,16,1508,1359,149,Tract: 1924.20\nTotal Population: 3637,navigatela/reports/census_tracts_2010.cfm?PK=192420
449,450,192510,3670,1851,175,44,8,1569,1,6,16,2845,1334,158,37,7,1289,1,3,16,1243,1134,109,Tract: 1925.10\nTotal Population: 3670,navigatela/reports/census_tracts_2010.cfm?PK=192510
450,451,192520,5067,3827,242,61,3,902,0,12,20,3706,2672,207,57,3,745,0,5,17,1623,1523,100,Tract: 1925.20\nTotal Population: 5067,navigatela/reports/census_tracts_2010.cfm?PK=192520
451,452,192610,4389,3253,354,119,13,614,3,21,12,3340,2362,318,101,10,528,3,11,7,1538,1453,85,Tract: 1926.10\nTotal Population: 4389,navigatela/reports/census_tracts_2010.cfm?PK=192610
452,453,192620,3868,2655,211,107,15,842,2,20,16,2959,1904,193,100,13,722,2,11,14,1338,1253,85,Tract: 1926.20\nTotal Population: 3868,navigatela/reports/census_tracts_2010.cfm?PK=192620
453,454,192700,3513,2085,349,184,10,852,8,5,20,2734,1493,315,166,10,721,8,4,17,1105,1010,95,Tract: 1927.00\nTotal Population: 3513,navigatela/reports/census_tracts_2010.cfm?PK=192700
454,455,194101,3091,288,2402,141,17,218,2,9,14,2794,261,2192,118,17,185,2,8,11,1890,1759,131,Tract: 1941.01\nTotal Population: 3091,navigatela/reports/census_tracts_2010.cfm?PK=194101
455,456,194102,3458,177,2838,130,13,275,3,12,10,2991,154,2469,110,8,235,2,7,6,1742,1623,119,Tract: 1941.02\nTotal Population: 3458,navigatela/reports/census_tracts_2010.cfm?PK=194102
456,457,194200,3588,242,3012,84,12,200,2,24,12,3093,198,2616,75,12,163,2,17,10,1982,1799,183,Tract: 1942.00\nTotal Population: 3588,navigatela/reports/census_tracts_2010.cfm?PK=194200
457,458,194300,3029,162,2601,81,8,158,4,6,9,2638,133,2293,65,8,122,4,5,8,1713,1543,170,Tract: 1943.00\nTotal Population: 3029,navigatela/reports/census_tracts_2010.cfm?PK=194300
458,459,194401,2461,249,1904,86,5,192,4,8,13,2285,213,1785,79,5,180,4,7,12,1392,1287,105,Tract: 1944.01\nTotal Population: 2461,navigatela/reports/census_tracts_2010.cfm?PK=194401
459,460,194402,3335,294,2653,90,13,253,7,13,12,3183,276,2546,84,13,235,7,10,12,2226,2054,172,Tract: 1944.02\nTotal Population: 3335,navigatela/reports/census_tracts_2010.cfm?PK=194402
460,461,194500,2037,108,1688,48,1,165,2,10,15,1745,80,1466,42,1,137,2,10,7,1034,958,76,Tract: 1945.00\nTotal Population: 2037,navigatela/reports/census_tracts_2010.cfm?PK=194500
461,462,195100,4717,672,2937,175,9,868,14,11,31,3933,534,2446,146,6,757,11,7,26,2189,2078,111,Tract: 1951.00\nTotal Population: 4717,navigatela/reports/census_tracts_2010.cfm?PK=195100
462,463,195201,2834,456,1851,82,9,393,10,15,18,2561,396,1677,74,9,367,10,12,16,1684,1598,86,Tract: 1952.01\nTotal Population: 2834,navigatela/reports/census_tracts_2010.cfm?PK=195201
463,464,195202,3185,420,2145,86,13,491,8,8,14,2687,330,1830,75,13,414,8,8,9,1526,1452,74,Tract: 1952.02\nTotal Population: 3185,navigatela/reports/census_tracts_2010.cfm?PK=195202
464,465,195300,3203,973,1637,70,7,482,4,15,15,2815,789,1495,66,7,430,4,11,13,1613,1526,87,Tract: 1953.00\nTotal Population: 3203,navigatela/reports/census_tracts_2010.cfm?PK=195300
465,466,195400,4395,1182,2353,131,19,665,2,15,28,3921,972,2188,117,19,589,2,13,21,2403,2267,136,Tract: 1954.00\nTotal Population: 4395,navigatela/reports/census_tracts_2010.cfm?PK=195400
466,467,195500,4971,1655,2162,109,15,961,7,28,34,4306,1316,1979,98,15,845,7,20,26,2406,2257,149,Tract: 1955.00\nTotal Population: 4971,navigatela/reports/census_tracts_2010.cfm?PK=195500
467,468,195600,3340,1860,832,92,6,497,4,18,31,2681,1366,771,80,6,419,4,14,21,1296,1225,71,Tract: 1956.00\nTotal Population: 3340,navigatela/reports/census_tracts_2010.cfm?PK=195600
468,469,195710,4328,2983,553,120,14,617,8,17,16,3338,2157,516,102,12,526,8,5,12,1374,1288,86,Tract: 1957.10\nTotal Population: 4328,navigatela/reports/census_tracts_2010.cfm?PK=195710
469,470,195720,2304,1668,394,30,11,183,3,10,5,1827,1236,370,28,11,167,3,7,5,882,825,57,Tract: 1957.20\nTotal Population: 2304,navigatela/reports/census_tracts_2010.cfm?PK=195720
470,471,195802,2881,1789,179,69,7,811,4,11,11,2219,1292,162,54,6,689,4,5,7,961,889,72,Tract: 1958.02\nTotal Population: 2881,navigatela/reports/census_tracts_2010.cfm?PK=195802
471,472,195803,2603,1242,850,48,15,425,4,6,13,2225,959,806,46,15,381,3,3,12,1223,1138,85,Tract: 1958.03\nTotal Population: 2603,navigatela/reports/census_tracts_2010.cfm?PK=195803
472,473,195804,2643,1413,634,62,5,492,4,20,13,2183,1081,591,54,5,423,4,12,13,1142,1073,69,Tract: 1958.04\nTotal Population: 2643,navigatela/reports/census_tracts_2010.cfm?PK=195804
473,474,195901,2235,851,982,95,9,271,3,16,8,1972,677,933,79,9,247,3,16,8,1173,1096,77,Tract: 1959.01\nTotal Population: 2235,navigatela/reports/census_tracts_2010.cfm?PK=195901
474,475,195902,1905,584,932,54,7,299,8,12,9,1678,456,873,50,7,265,8,10,9,1053,992,61,Tract: 1959.02\nTotal Population: 1905,navigatela/reports/census_tracts_2010.cfm?PK=195902
475,476,195903,2216,1130,497,79,8,489,1,1,11,1845,855,479,77,8,416,1,1,8,979,917,62,Tract: 1959.03\nTotal Population: 2216,navigatela/reports/census_tracts_2010.cfm?PK=195903
476,477,197200,3757,2048,125,23,16,1518,0,7,20,2948,1501,119,20,13,1279,0,5,11,1161,1106,55,Tract: 1972.00\nTotal Population: 3757,navigatela/reports/census_tracts_2010.cfm?PK=197200
477,478,197300,3909,1735,1292,67,22,758,4,5,26,3312,1343,1190,59,21,671,4,3,21,1786,1665,121,Tract: 1973.00\nTotal Population: 3909,navigatela/reports/census_tracts_2010.cfm?PK=197300
478,479,197410,3704,1401,1713,87,10,448,4,15,26,3111,1046,1544,73,10,398,4,14,22,1722,1593,129,Tract: 1974.10\nTotal Population: 3704,navigatela/reports/census_tracts_2010.cfm?PK=197410
479,480,197420,3509,2110,822,64,21,460,1,20,11,2846,1568,772,60,20,407,1,8,10,1391,1292,99,Tract: 1974.20\nTotal Population: 3509,navigatela/reports/census_tracts_2010.cfm?PK=197420
480,481,197500,3889,2251,959,73,15,563,1,16,11,3147,1649,910,61,13,490,1,15,8,1652,1499,153,Tract: 1975.00\nTotal Population: 3889,navigatela/reports/census_tracts_2010.cfm?PK=197500
481,482,197600,2376,1306,485,50,9,517,2,2,5,1902,934,457,37,7,458,2,2,5,957,871,86,Tract: 1976.00\nTotal Population: 2376,navigatela/reports/census_tracts_2010.cfm?PK=197600
482,483,197700,5103,1538,491,127,13,2880,6,17,31,4123,1113,475,111,13,2371,4,12,24,1933,1798,135,Tract: 1977.00\nTotal Population: 5103,navigatela/reports/census_tracts_2010.cfm?PK=197700
483,484,199000,5066,3099,133,42,7,1766,1,9,9,3669,2072,122,32,5,1424,1,6,7,1701,1504,197,Tract: 1990.00\nTotal Population: 5066,navigatela/reports/census_tracts_2010.cfm?PK=199000
484,485,199110,2710,2386,116,33,8,158,1,2,6,1972,1696,102,27,7,136,0,0,4,766,697,69,Tract: 1991.10\nTotal Population: 2710,navigatela/reports/census_tracts_2010.cfm?PK=199110
485,486,199120,4086,2964,100,45,17,944,1,9,6,2907,1968,83,36,11,799,1,5,4,1094,1010,84,Tract: 1991.20\nTotal Population: 4086,navigatela/reports/census_tracts_2010.cfm?PK=199120
486,487,199201,4089,2796,103,38,5,1126,1,12,8,2927,1910,83,30,5,883,1,11,4,1183,1123,60,Tract: 1992.01\nTotal Population: 4089,navigatela/reports/census_tracts_2010.cfm?PK=199201
487,488,199202,3031,2401,232,64,2,305,5,4,18,2206,1695,213,46,2,231,5,2,12,905,833,72,Tract: 1992.02\nTotal Population: 3031,navigatela/reports/census_tracts_2010.cfm?PK=199202
488,489,199300,3848,2584,659,122,23,427,3,17,13,2981,1892,598,96,15,358,2,11,9,1310,1216,94,Tract: 1993.00\nTotal Population: 3848,navigatela/reports/census_tracts_2010.cfm?PK=199300
489,490,199400,4668,3570,182,32,7,857,2,4,14,3394,2480,163,26,4,706,2,4,9,1348,1293,55,Tract: 1994.00\nTotal Population: 4668,navigatela/reports/census_tracts_2010.cfm?PK=199400
490,491,199700,3411,2368,375,31,10,617,1,5,4,2598,1696,359,29,8,498,1,4,3,1133,1078,55,Tract: 1997.00\nTotal Population: 3411,navigatela/reports/census_tracts_2010.cfm?PK=199700
491,492,199800,5631,3479,85,14,11,2030,0,6,6,4113,2434,64,11,8,1587,0,4,5,1544,1496,48,Tract: 1998.00\nTotal Population: 5631,navigatela/reports/census_tracts_2010.cfm?PK=199800
492,493,199900,2683,2128,34,26,0,476,5,6,8,1927,1461,31,25,0,399,2,2,7,813,771,42,Tract: 1999.00\nTotal Population: 2683,navigatela/reports/census_tracts_2010.cfm?PK=199900
493,494,201110,2574,2092,183,34,7,250,0,6,2,1926,1506,168,29,5,213,0,3,2,775,722,53,Tract: 2011.10\nTotal Population: 2574,navigatela/reports/census_tracts_2010.cfm?PK=201110
494,495,201120,4097,3364,226,87,7,397,3,6,7,3004,2369,210,69,7,335,3,6,5,1310,1223,87,Tract: 2011.20\nTotal Population: 4097,navigatela/reports/census_tracts_2010.cfm?PK=201120
495,496,201200,2519,2249,75,12,3,176,1,3,0,1812,1572,70,10,3,154,1,2,0,728,694,34,Tract: 2012.00\nTotal Population: 2519,navigatela/reports/census_tracts_2010.cfm?PK=201200
496,497,201301,3442,2746,176,68,13,422,0,8,9,2522,1961,153,46,9,341,0,7,5,1051,1002,49,Tract: 2013.01\nTotal Population: 3442,navigatela/reports/census_tracts_2010.cfm?PK=201301
497,498,201302,3732,930,971,275,9,1509,3,11,24,3263,731,905,244,6,1353,3,6,15,1901,1818,83,Tract: 2013.02\nTotal Population: 3732,navigatela/reports/census_tracts_2010.cfm?PK=201302
498,499,201401,4803,3944,173,149,6,512,0,11,8,3358,2656,145,85,3,456,0,7,6,1356,1280,76,Tract: 2014.01\nTotal Population: 4803,navigatela/reports/census_tracts_2010.cfm?PK=201401
499,500,201402,4311,3303,160,22,17,801,2,3,3,3354,2456,141,18,13,720,2,2,2,1385,1335,50,Tract: 2014.02\nTotal Population: 4311,navigatela/reports/census_tracts_2010.cfm?PK=201402
