,FID,OBJECTID,NameInt,Seg_ID_Sco,Seg_Bk_Sco,Seg_LL_Sco,Seg_Wd_Sco,Ones,Twos,Threes,Pop2015,GridNormSc,CSScore,Shape_Leng,Shape_Area,GridScore,Shape__Area,Shape__Length
0,1,1,1001,0,10,5,0,38,12,0,5573.67632763,19.6721311475,0.6923076893790001,7162.73268122,3212409.584,1,0.000214369341001,0.05937556069894401
1,2,2,1005,0,15,6,0,32,19,0,5282.49300028,31.147540983600003,1.09615384152,5315.97055468,1638553.98909,3,0.00010934287829000001,0.042511009022265005
2,3,3,1007,1,2,5,0,43,6,1,3525.41443647,11.475409836099999,0.40384615213799996,5233.19699294,1613087.63331,1,0.000107643514645,0.041727922027878
3,4,4,1008,0,5,5,0,63,7,0,4880.5058626,11.475409836099999,0.40384615213799996,14109.2819051,6847966.70704,1,0.00045701122741600005,0.112686139488199
4,5,5,1009,1,0,0,0,3,0,1,110.319279013,1.6393442622999999,0.057692307448199996,5435.82309192,860610.5415,1,5.7426630633000006e-05,0.047576060382613
5,6,6,1012,0,1,0,0,33,1,0,2499.98855294,1.6393442622999999,0.057692307448199996,3723.80987724,864430.3210469999,1,5.7691366785e-05,0.03041142918153
6,7,7,1015,0,4,1,0,42,4,0,5116.07424509,6.557377049179999,0.230769229793,5839.49243649,1899073.6453099998,1,0.000126742591478,0.04941770871538901
7,8,8,1017,0,12,15,0,44,20,0,4116.18675297,32.7868852459,1.15384614896,5842.87972434,1900062.44124,2,0.000126808561302,0.049450269055428
8,9,9,1018,0,9,3,0,23,12,0,4061.0716193999997,19.6721311475,0.6923076893790001,6779.79892201,1767957.5125400003,1,0.000117988288724,0.054132766961062
9,10,10,1019,0,3,4,0,12,5,0,1217.66347504,8.19672131148,0.288461537241,4524.1108509999995,376193.378946,1,2.5105577854000003e-05,0.03414806043358799
10,11,11,101,0,2,0,0,47,2,0,5893.8650525,3.2786885245899997,0.115384614896,4725.81789476,980298.074293,1,6.552986818000001e-05,0.0391108552592
11,12,12,1021,0,11,11,1,38,16,0,4273.55892463,26.2295081967,0.923076919172,5202.72893787,1476003.32745,1,9.8518152933e-05,0.041586081140982
12,13,13,1023,0,6,0,0,51,6,0,7154.57209008,9.83606557377,0.346153844689,5963.05178959,1945245.8211400001,1,0.00012984006316999998,0.048495379308063
13,14,14,1024,0,4,1,0,26,4,0,3344.4150271,6.557377049179999,0.230769229793,4563.06906938,1266288.05833,1,8.452002937000001e-05,0.036526637507485
14,15,15,1025,0,9,0,0,49,9,0,5905.22367673,14.754098360699999,0.5192307670340001,5843.14383322,1901540.93442,1,0.00012691819945799998,0.049449551938167996
15,16,16,1027,0,4,0,0,56,4,0,4031.03590115,6.557377049179999,0.230769229793,5844.20877911,1901253.35576,1,0.000126898974841,0.04946172515973599
16,17,17,1028,0,5,3,0,47,5,0,4842.75129225,8.19672131148,0.288461537241,5858.87657244,1904019.02707,1,0.000127089023091,0.046556478784074
17,18,18,1029,0,3,4,0,14,7,0,6137.12462985,11.475409836099999,0.40384615213799996,4623.68679311,1284838.60837,1,8.5756376939e-05,0.038519583794451
18,19,19,1031,0,4,7,1,25,8,0,2129.95885014,13.114754098399999,0.461538459586,3868.94997955,923176.668619,1,6.1625634497e-05,0.031585914511177995
19,20,20,1033,0,10,1,0,54,11,0,5064.50102317,18.0327868852,0.63461538193,6214.73719919,2195356.66955,1,0.00014655105208200004,0.052103193309069
20,21,21,1039,0,3,1,0,37,4,0,7049.76783969,6.557377049179999,0.230769229793,4548.56231184,1268246.35772,1,8.4656252867e-05,0.037818821717650004
21,22,22,1041,0,2,1,0,47,3,0,3031.16920915,4.9180327868900005,0.173076922345,7273.39775484,2544300.48692,1,0.00016985911891799997,0.061360054692874
22,23,23,1043,0,2,2,0,8,3,0,3949.19328586,4.9180327868900005,0.173076922345,2957.01753314,500357.83192799997,1,3.3404517441999995e-05,0.023603488537962996
23,24,24,1044,0,1,1,0,7,2,0,4927.20595556,3.2786885245899997,0.115384614896,3243.65759354,605014.255385,1,4.0391682927e-05,0.025844108273646
24,25,25,1045,0,1,0,0,44,1,0,5799.04192907,1.6393442622999999,0.057692307448199996,5422.96213474,1708292.28152,1,0.00011404915546100001,0.045023445695339004
25,26,26,1049,1,0,0,0,13,0,1,393.03886101300003,1.6393442622999999,0.057692307448199996,12935.5829131,9904148.80444,1,0.0006612223738990001,0.106421963928201
26,27,27,105,0,2,2,0,11,4,0,820.461071232,6.557377049179999,0.230769229793,3497.71331471,519875.5274,1,3.475085584e-05,0.028461481384325
27,28,28,1063,0,1,0,0,63,1,0,3865.10018253,1.6393442622999999,0.057692307448199996,6957.27617526,2831697.6565900003,1,0.000189067086597,0.05810227632945901
28,29,29,1065,0,2,0,0,14,2,0,8182.99356082,3.2786885245899997,0.115384614896,3975.24224931,956639.40991,1,6.3873576706e-05,0.032457827216782996
29,30,30,1067,0,1,0,0,56,1,0,4400.69276275,1.6393442622999999,0.057692307448199996,6616.60854933,2673755.11642,1,0.00017852637343599998,0.055118907567499
30,31,31,1068,0,1,0,0,13,1,0,663.742951091,1.6393442622999999,0.057692307448199996,3665.68089131,390416.704626,1,2.6067753242e-05,0.031230007237577004
31,32,32,1075,0,2,0,0,38,2,0,2908.35288041,3.2786885245899997,0.115384614896,6255.4159314,1531415.64442,1,0.00010225612721899999,0.050997858083172996
32,33,33,1079,0,3,0,0,49,3,0,3455.54406482,4.9180327868900005,0.173076922345,5677.05630343,1967335.56502,1,0.000131368246363,0.047088406157217995
33,34,34,109,0,1,1,0,3,1,0,156.618973026,1.6393442622999999,0.057692307448199996,3012.52906105,437241.046871,1,2.9225747684999995e-05,0.024017280647357996
34,35,35,1102,0,9,7,0,23,15,0,4309.8690312,24.5901639344,0.865384611723,9817.28410858,3246196.6081,1,0.000216817825495,0.076274316542638
35,36,36,1105,0,2,0,0,27,2,0,2356.65139142,3.2786885245899997,0.115384614896,6307.20798011,1972540.42093,1,0.000131740274162,0.05314343240603
36,37,37,1107,0,3,0,0,76,3,0,5815.4764387,4.9180327868900005,0.173076922345,7093.94688268,1828735.4041900001,1,0.000122159133648,0.058525159576923
37,38,38,1792,0,8,11,1,49,14,0,4086.28261166,22.9508196721,0.8076923042749999,6016.22913556,2066682.22527,1,0.000137896711635,0.05073966340807701
38,39,39,1112,0,5,1,0,65,6,0,5373.34017048,9.83606557377,0.346153844689,8478.25336878,1948267.66995,1,0.00013014356534599999,0.06995824883651401
39,40,40,1113,0,2,1,0,61,3,0,3815.31635672,4.9180327868900005,0.173076922345,8441.28636499,2129028.93402,1,0.000142205407681,0.06774128241352599
40,41,41,1793,0,1,1,0,26,2,0,4251.775745800001,3.2786885245899997,0.115384614896,4652.39458472,1239980.54771,1,8.2734338316e-05,0.037082670480199
41,42,42,1115,0,1,0,0,62,1,0,4514.4887857,1.6393442622999999,0.057692307448199996,5327.75975142,1273833.60462,1,8.5083261583e-05,0.045516587265483
42,43,43,1794,0,2,5,0,54,5,0,6905.05361801,8.19672131148,0.288461537241,6681.28096406,2412034.40613,1,0.00016093835155200003,0.056112079273879005
43,44,44,1531,0,5,0,0,45,5,0,4080.55051136,8.19672131148,0.288461537241,4946.02051669,1388408.4873600001,1,9.269509236599999e-05,0.039894681364597
44,45,45,1469,0,1,0,0,49,1,0,4208.81591575,1.6393442622999999,0.057692307448199996,9030.04432984,1325004.7253700001,1,8.866932586000001e-05,0.075961656788744
45,46,46,1532,0,9,3,0,43,10,0,6209.66392079,16.393442623,0.576923074482,6423.23064159,1866244.5844599998,1,0.000124588585063,0.05037099722340099
46,47,47,441,0,1,0,0,7,1,0,809.0113116839999,1.6393442622999999,0.057692307448199996,5088.2547987,1199193.4477799998,1,8.0171541303e-05,0.042227635477943004
47,48,48,1979,0,6,0,0,26,6,0,2241.54314687,9.83606557377,0.346153844689,4082.91735389,831266.2400100001,1,5.5458947194e-05,0.033332878951593994
48,49,49,146,0,0,3,0,4,3,0,750.18326252,4.9180327868900005,0.173076922345,919.9837511410001,53876.6875386,1,3.6024398769999997e-06,0.007597432787392
49,50,50,562,0,1,0,0,79,1,0,3482.18162751,1.6393442622999999,0.057692307448199996,4552.78642976,1103466.4346399999,1,7.4054486805e-05,0.036819177025816004
50,51,51,241,0,3,2,0,7,5,0,4353.95960163,8.19672131148,0.288461537241,2090.36599843,249150.336744,1,1.6655494695e-05,0.016847218878218002
51,52,52,1981,0,2,1,0,11,2,0,6645.30826615,3.2786885245899997,0.115384614896,4054.26933805,863463.651373,1,5.761187130100001e-05,0.032007448166806
52,53,53,442,0,2,1,0,5,3,0,396.414035325,4.9180327868900005,0.173076922345,3948.13317409,580393.73514,1,3.8802837662000004e-05,0.033313168633793
53,54,54,1533,0,1,0,0,14,1,0,1618.30415403,1.6393442622999999,0.057692307448199996,3586.31722408,417162.74819,1,2.7850871112e-05,0.028787590673168
54,55,55,1199,0,1,0,0,13,1,0,197.87288742200002,1.6393442622999999,0.057692307448199996,1739.45980957,171751.849148,1,1.1479967853000001e-05,0.014024582723659999
55,56,56,1998,0,12,3,0,30,15,0,5467.03817849,24.5901639344,0.865384611723,6837.44092079,2522819.74572,1,0.00016835005802300003,0.056623535252318
56,57,57,1215,0,18,12,9,36,29,0,5859.81759697,47.5409836066,1.6730769159999999,4500.94408235,1156767.8279799998,3,7.7395954275e-05,0.03798931930295
57,58,58,1509,0,2,3,0,15,5,0,1997.87549336,8.19672131148,0.288461537241,2766.30096301,442117.25902,1,2.9507170886999996e-05,0.023292282831405
58,59,59,2183,0,3,0,0,113,3,0,5624.08117472,4.9180327868900005,0.173076922345,11212.904570100001,4549641.24415,1,0.000303816224698,0.09431877059875399
59,60,60,412,0,5,5,0,29,8,0,1832.20831556,13.114754098399999,0.461538459586,5007.35355459,1080947.17203,1,7.2247681819e-05,0.040278464511404
60,61,61,1511,0,0,1,0,8,1,0,335.328740935,1.6393442622999999,0.057692307448199996,4232.82482986,966786.4006870001,1,6.4523251063e-05,0.035895009164039
61,62,62,551,0,1,0,0,121,1,0,5452.25554103,1.6393442622999999,0.057692307448199996,9929.05739635,2971406.67119,1,0.00019938599006299998,0.082007794724605
62,63,63,2185,0,8,0,0,70,8,0,3706.9802569,13.114754098399999,0.461538459586,9543.92534718,3475789.05323,1,0.000232096618074,0.076925374905824
63,64,64,1952,0,6,1,0,15,7,0,1348.83428662,11.475409836099999,0.40384615213799996,3036.61249478,527739.5082800001,1,3.5200443358999994e-05,0.024225976864939002
64,65,65,1184,0,2,0,0,48,2,0,5527.79976995,3.2786885245899997,0.115384614896,5669.49093221,957278.9447100001,1,6.3981513644e-05,0.045532766882092006
65,66,66,1512,0,3,5,0,21,6,0,3896.61621275,9.83606557377,0.346153844689,4810.03006628,928831.015169,1,6.199490909399999e-05,0.0373185777148
66,67,67,413,0,2,2,0,12,3,0,1030.67818596,4.9180327868900005,0.173076922345,2232.90046958,187888.816022,1,1.2557767220000001e-05,0.017551439298974996
67,68,68,454,0,3,0,0,7,3,0,1252.38148698,4.9180327868900005,0.173076922345,1832.82820963,185431.3748,1,1.239890994e-05,0.014843136501395002
68,69,69,265,0,4,7,0,3,10,0,3265.77732536,16.393442623,0.576923074482,1790.65604989,199896.41089,1,1.3364629569000002e-05,0.014703841202597
69,70,70,567,1,4,9,0,59,10,1,4045.91755696,18.0327868852,0.63461538193,5429.87654574,663907.26784,1,4.4557238181e-05,0.043086261086105006
70,71,71,1485,0,1,0,0,17,1,0,1609.92710806,1.6393442622999999,0.057692307448199996,4932.92754924,656013.5937869999,1,4.3909601721e-05,0.041298230124058
71,72,72,455,0,4,2,0,22,6,0,6149.85704155,9.83606557377,0.346153844689,3780.91290234,782660.2783479999,1,5.232936546399999e-05,0.031228315342396
72,73,73,1116,0,5,0,0,23,5,0,3160.32380257,8.19672131148,0.288461537241,3838.22941147,727801.8132,1,4.8624325179e-05,0.032041153693465
73,74,74,1795,1,2,0,0,39,2,1,5273.75235385,4.9180327868900005,0.173076922345,7533.37669447,2792703.16063,1,0.00018633836996300002,0.06451436770618
74,75,75,1796,0,1,1,0,28,1,0,2217.08908235,1.6393442622999999,0.057692307448199996,5156.88919892,1163037.1162299998,1,7.7597681138e-05,0.040185669979496005
75,76,76,1117,0,1,0,1,64,2,0,5913.05549677,3.2786885245899997,0.115384614896,6865.51533258,2290468.5761,1,0.000153000301337,0.05721541890731599
76,77,77,1797,0,1,0,0,71,1,0,3290.9918891999996,1.6393442622999999,0.057692307448199996,6698.10540559,2649884.80522,1,0.00017680209713999997,0.054228078534356995
77,78,78,1798,0,1,3,0,30,3,0,2451.5049981999996,4.9180327868900005,0.173076922345,4628.18572645,1305853.19545,1,8.712341768799999e-05,0.038539087878167004
78,79,79,1118,0,2,0,0,27,2,0,3432.56227631,3.2786885245899997,0.115384614896,3614.22471164,550604.259191,1,3.6786436287e-05,0.028707442735624998
79,80,80,1799,1,3,1,0,20,3,1,2007.0309049000002,6.557377049179999,0.230769229793,4585.18611661,1257875.68909,1,8.392957190899999e-05,0.038287743693879
80,81,81,1119,0,3,0,0,77,3,0,4039.47855096,4.9180327868900005,0.173076922345,6521.97390955,1600667.88203,1,0.00010691589421500001,0.054520021725404995
81,82,82,1801,0,13,16,4,19,26,0,5441.68016835,42.622950819699994,1.4999999936500001,4424.75470553,1211552.7771100001,2,8.109634434800001e-05,0.036022201729011
82,83,83,1802,1,19,21,6,57,33,2,5803.52470691,57.3770491803,2.01923076069,4642.5712306000005,1342870.67886,3,8.9885706734e-05,0.038347806336797005
83,84,84,111,0,0,2,0,68,2,0,5506.44000419,3.2786885245899997,0.115384614896,5233.63840442,1456264.5856,1,9.7355027081e-05,0.04281045751127
84,85,85,1803,0,2,4,0,13,4,0,1273.09326425,6.557377049179999,0.230769229793,2437.61381621,356513.93223000003,1,2.3862791676999997e-05,0.020402543012452
85,86,86,1804,4,8,9,6,23,13,5,2312.35348971,29.508196721300003,1.03846153407,3026.73864526,501316.08453100006,2,3.3554923041999996e-05,0.025692819993677996
86,87,87,1805,0,7,6,7,16,16,1,1745.23332577,27.868852459,0.98076922662,2670.5582688,441906.553934,1,2.9579850561000002e-05,0.022134771619572998
87,88,88,1806,0,14,11,10,24,22,2,2506.26329326,39.3442622951,1.3846153787600002,3251.48796324,606674.42134,3,4.0608869266999996e-05,0.027367238691515
88,89,89,1123,0,5,0,0,31,5,0,3823.16767185,8.19672131148,0.288461537241,4715.58069052,1375745.45612,1,9.190789375e-05,0.038155794004584
89,90,90,1124,2,7,1,0,25,7,2,5937.52812506,14.754098360699999,0.5192307670340001,6653.8080571,1568969.3111299998,1,0.000104819708381,0.055314193951391
90,91,91,1821,0,4,1,0,43,5,0,5722.73350712,8.19672131148,0.288461537241,4322.11053047,1160961.83621,1,7.7718085134e-05,0.035269358944567
91,92,92,1125,0,2,1,0,31,3,0,4230.85934836,4.9180327868900005,0.173076922345,4850.55240174,1068534.43586,1,7.1382936089e-05,0.040451585115957
92,93,93,1822,0,20,12,1,84,30,0,6448.14795477,49.1803278689,1.73076922345,5125.86185714,1638392.4657,3,0.00010967831073799998,0.041934696774798
93,94,94,1126,0,3,0,0,40,3,0,4954.75193481,4.9180327868900005,0.173076922345,4728.29302379,1305344.5080600001,1,8.7201733839e-05,0.03762220636015701
94,95,95,1823,4,17,8,0,70,21,4,4554.47646709,40.983606557399995,1.44230768621,4151.51542448,981778.2234799999,3,6.572279891100001e-05,0.03316557567951
95,96,96,1127,0,7,0,0,28,7,0,4557.60353101,11.475409836099999,0.40384615213799996,4892.49807215,783855.402139,1,5.2366455748999994e-05,0.040559747652085996
96,97,97,1128,0,2,0,0,68,2,0,4545.77188224,3.2786885245899997,0.115384614896,6427.31386256,1409538.09942,1,9.416368227399998e-05,0.051206843169071
97,98,98,1824,1,7,14,4,79,22,1,5197.58055864,37.7049180328,1.32692307131,5510.65464508,1743566.8540400001,2,0.000116718853858,0.04488471036504099
98,99,99,1129,0,1,0,0,63,1,0,6251.30228756,1.6393442622999999,0.057692307448199996,6484.94868441,1877280.33425,1,0.00012541526059200002,0.05277807861203799
99,100,100,1132,0,4,0,0,73,4,0,5847.98981738,6.557377049179999,0.230769229793,7465.84144425,2393423.19747,1,0.00015990661500799998,0.062575957336968
100,101,101,1133,1,0,0,0,39,0,1,7610.4543317,1.6393442622999999,0.057692307448199996,9169.12025951,2766302.1507900003,1,0.000184822811223,0.075814833094847
101,102,102,1826,2,10,5,1,30,10,2,3280.9724799,19.6721311475,0.6923076893790001,4249.18843145,924880.2798100001,1,6.1912736963e-05,0.033648069294746
102,103,103,1135,0,0,2,0,147,2,0,6214.36929524,3.2786885245899997,0.115384614896,11557.763921400001,3967271.9887599996,1,0.00026504967008,0.09559459340827803
103,104,104,1827,2,16,4,2,26,17,2,5648.39362926,31.147540983600003,1.09615384152,4785.68496348,1192712.64021,3,7.984168130399999e-05,0.038841975592558
104,105,105,1136,0,3,0,0,69,3,0,8036.05065451,4.9180327868900005,0.173076922345,8593.84828559,2587789.48237,1,0.000172884531368,0.07070552455400701
105,106,106,1829,0,0,1,0,10,1,0,1543.6309643,1.6393442622999999,0.057692307448199996,3888.08897818,434142.41266000003,1,2.9063142233000005e-05,0.03286957579786
106,107,107,1137,0,2,0,0,33,2,0,4230.54172009,3.2786885245899997,0.115384614896,3379.51149057,627834.87374,1,4.1947890773e-05,0.02844433780976
107,108,108,1138,0,2,0,0,43,2,0,4146.26323185,3.2786885245899997,0.115384614896,3481.05486953,751091.36879,1,5.0180505094999995e-05,0.028635132535957997
108,109,109,1831,3,2,1,2,46,4,3,2642.3980513,11.475409836099999,0.40384615213799996,4239.51373435,1036405.52096,1,6.940158749699999e-05,0.035078924747581
109,110,110,1139,0,5,0,0,43,5,0,4113.05524811,8.19672131148,0.288461537241,4472.32589406,793729.79482,1,5.3032801982e-05,0.036689212026702
110,111,111,1832,0,7,6,0,35,11,0,2934.22943796,18.0327868852,0.63461538193,3890.34717602,714474.5682,1,4.7832644338e-05,0.033451556834244
111,112,112,1141,0,1,0,0,37,1,0,7138.94385235,1.6393442622999999,0.057692307448199996,7350.17868198,2002522.1463099997,1,0.000133797532672,0.059596585889139006
112,113,113,1834,4,5,4,0,31,5,4,4239.66706645,14.754098360699999,0.5192307670340001,4962.94574861,936222.77211,1,6.2678486185e-05,0.042086376936946994
113,114,114,1142,0,4,0,0,32,4,0,6576.46396675,6.557377049179999,0.230769229793,6003.26951693,1486553.67625,1,9.9323232967e-05,0.04727377857753401
114,115,115,1835,0,1,4,0,16,5,0,898.686080833,8.19672131148,0.288461537241,2302.70217466,330893.80652,1,2.2152434586e-05,0.018857305722083
115,116,116,1836,0,1,5,0,26,5,0,2032.18344268,8.19672131148,0.288461537241,3863.7622025,608133.07322,1,4.0714151068000005e-05,0.031480508469838
116,117,117,1837,3,13,4,0,47,16,3,4851.15356024,31.147540983600003,1.09615384152,5294.69552466,1477151.60691,2,9.889676285499999e-05,0.041907263140486
117,118,118,1838,0,13,14,2,23,19,0,2432.04413383,31.147540983600003,1.09615384152,2970.71767937,505157.07077,2,3.3819369739e-05,0.023845086454457994
118,119,119,1839,0,9,14,2,23,17,0,2687.04509314,27.868852459,0.98076922662,3201.91166698,575057.26394,1,3.8499475699e-05,0.025242203343805
119,120,120,1841,0,3,8,4,50,13,0,4813.4998564,21.3114754098,0.7499999968269999,5061.57394067,1534544.04585,1,0.000102738813995,0.040806004491916
120,121,121,1145,0,1,1,0,84,2,0,3709.57283493,3.2786885245899997,0.115384614896,8983.92385635,2566513.18218,1,0.00017149470131400002,0.073358427746995
121,122,122,1842,2,12,23,1,51,28,2,6159.85110292,49.1803278689,1.73076922345,4839.39082027,1418238.04291,2,9.4954279604e-05,0.040519553945206004
122,123,123,1844,0,11,1,0,45,12,0,5190.14714897,19.6721311475,0.6923076893790001,5256.34905727,1561522.5359200002,1,0.000104547721822,0.044253589605870995
123,124,124,1846,1,0,4,0,19,3,1,4335.90815913,6.557377049179999,0.230769229793,3379.37223264,698701.754776,1,4.6780947499e-05,0.027886243167133996
124,125,125,1849,3,4,9,0,27,9,3,4398.19901478,19.6721311475,0.6923076893790001,3930.91573045,870733.99689,1,5.8298857562000005e-05,0.032210688011369
125,126,126,1851,1,9,2,2,44,11,1,2541.70120157,19.6721311475,0.6923076893790001,4048.70307631,1023106.91863,1,6.8516928817e-05,0.033390508417901
126,127,127,185,0,0,3,0,32,3,0,498.198667854,4.9180327868900005,0.173076922345,3151.57566326,596120.286538,1,3.9862643119e-05,0.025852578234409
127,128,128,1861,0,6,12,2,22,18,0,2691.82914919,29.508196721300003,1.03846153407,3964.18450936,982080.28521,2,6.5758165453e-05,0.03262464474887
128,129,129,1862,1,12,8,1,38,19,1,4163.88647983,32.7868852459,1.15384614896,5223.62798997,1524697.60737,2,0.00010209103471600001,0.043367911145864
129,130,130,1147,0,0,0,1,67,1,0,4861.19746646,1.6393442622999999,0.057692307448199996,7868.92035905,2238576.69558,1,0.000149583290023,0.065705477908422
130,131,131,1363,1,8,9,0,22,12,1,4558.25719812,21.3114754098,0.7499999968269999,3280.52277183,650276.9416649999,1,4.3504970681000004e-05,0.027421046383267998
131,132,132,1148,1,9,0,0,104,8,1,4756.14251192,14.754098360699999,0.5192307670340001,9229.97395824,3169554.04903,1,0.000211783129887,0.07539462951738901
132,133,133,1364,2,12,13,1,9,17,2,4243.43807229,31.147540983600003,1.09615384152,3409.83963967,592111.726334,2,3.9613084794e-05,0.02688611158599
133,134,134,1149,0,4,1,0,39,5,0,5113.6092053,8.19672131148,0.288461537241,3803.11512896,662881.762262,1,4.4291198193e-05,0.031366797602583
134,135,135,1365,6,19,21,2,10,25,7,4574.76906163,52.4590163934,1.8461538383400002,3407.86780772,591030.105358,3,3.9540725624e-05,0.02686887600586
135,136,136,1367,1,5,6,0,27,9,1,5755.87435042,16.393442623,0.576923074482,4468.26965032,1231566.3174700001,1,8.239351448700001e-05,0.036353543312726
136,137,137,1151,0,2,2,0,25,4,0,5924.81419238,6.557377049179999,0.230769229793,3665.97548724,836133.7006,1,5.587306635600001e-05,0.030279299146538995
137,138,138,1371,0,5,3,2,15,7,1,3391.98640035,13.114754098399999,0.461538459586,3218.23460012,629158.61324,1,4.2095015505e-05,0.026205713776447998
138,139,139,1863,0,11,2,0,6,11,0,3267.77803039,18.0327868852,0.63461538193,3796.13543829,877199.78964,1,5.8735756976e-05,0.030805720058395998
139,140,140,1372,2,6,7,0,8,9,2,3890.24413289,18.0327868852,0.63461538193,3569.21380412,789624.708906,1,5.2831396267e-05,0.029574234964607996
140,141,141,1152,1,1,0,0,27,1,1,3775.62505365,3.2786885245899997,0.115384614896,4076.40326774,850947.27608,1,5.6862574983000006e-05,0.034556650853216006
141,142,142,1373,1,5,8,0,15,11,1,4613.5169886,19.6721311475,0.6923076893790001,3724.66699661,851191.798835,1,5.6950469832e-05,0.030776329877593996
142,143,143,1375,2,18,13,5,11,23,2,4335.1270107,40.983606557399995,1.44230768621,3368.46618298,693231.75197,3,4.638208836399999e-05,0.028061435013796997
143,144,144,1864,0,5,0,0,32,5,0,2689.59335135,8.19672131148,0.288461537241,4040.38769731,990444.94571,1,6.6318527271e-05,0.033070866950742996
144,145,145,1377,0,12,22,4,25,31,0,3372.07978795,50.8196721311,1.7884615308900003,3557.48866621,757213.841995,2,5.0662985308999996e-05,0.029782427729393997
145,146,146,1871,0,4,2,0,41,6,0,3920.8970816,9.83606557377,0.346153844689,5856.67813483,1898891.1620099999,1,0.000127183295487,0.046774915800487996
146,147,147,1381,1,3,5,0,7,7,1,418.11012200199997,13.114754098399999,0.461538459586,2070.78263247,193233.301042,1,1.2929569057e-05,0.016174086650131998
147,148,148,1881,3,10,2,2,42,10,3,4797.6717238,21.3114754098,0.7499999968269999,5725.98953108,1816913.4881099998,1,0.000121712011499,0.04556240319526699
148,149,149,1383,0,16,17,0,32,26,0,4505.32771749,42.622950819699994,1.4999999936500001,3730.45329164,885608.7804,3,5.925789233899999e-05,0.030734134479694
149,150,150,1891,0,3,0,0,33,3,0,3511.97499673,4.9180327868900005,0.173076922345,4517.91914309,1178630.6015700002,1,7.896517891e-05,0.036860461101627995
150,151,151,1385,1,8,12,0,11,17,1,2787.72143706,29.508196721300003,1.03846153407,4928.96028888,1423542.23614,2,9.525224381799999e-05,0.041357325461247
151,152,152,1158,0,1,0,0,52,1,0,3425.67059362,1.6393442622999999,0.057692307448199996,6331.41248385,1759322.44105,1,0.000117568216861,0.052232430998212995
152,153,153,1901,0,1,0,0,31,1,0,1105.91001902,1.6393442622999999,0.057692307448199996,11782.856677200001,5965852.42594,1,0.00039758186608699996,0.099032164011557
153,154,154,138,0,0,9,0,18,9,0,1784.62462937,14.754098360699999,0.5192307670340001,2799.10045901,412274.375269,1,2.7566249261999997e-05,0.02310064053634
154,155,155,1391,0,9,7,7,23,18,0,1022.11717695,29.508196721300003,1.03846153407,2837.52420927,313771.872273,2,2.0996817074000002e-05,0.021943369729755
155,156,156,1902,0,8,0,0,82,8,0,6514.94903932,13.114754098399999,0.461538459586,9913.92537487,4561011.95459,1,0.00030398698611400004,0.08190264008744
156,157,157,1393,0,5,11,2,19,15,0,2915.54525874,24.5901639344,0.865384611723,3047.81055217,505045.96870200004,1,3.3796542993e-05,0.024198339112847002
157,158,158,1161,0,2,0,0,4,2,0,2741.02654542,3.2786885245899997,0.115384614896,2181.72783409,294339.431615,1,1.9669960139e-05,0.017742785571415
158,159,159,1394,1,5,6,0,4,8,1,3186.65518559,14.754098360699999,0.5192307670340001,3051.02480294,506438.55755,1,3.388972363699999e-05,0.024225664967360002
159,160,160,1395,0,7,14,0,1,16,0,3570.66950132,26.2295081967,0.923076919172,4969.89210783,1457441.3520799999,1,9.752884579200001e-05,0.041532710015049
160,161,161,1904,0,7,0,0,52,7,0,3985.81014777,11.475409836099999,0.40384615213799996,7394.01988031,2370680.88112,1,0.00015799584871399998,0.061859767902293
161,162,162,1905,0,4,0,0,16,4,0,2763.04740993,6.557377049179999,0.230769229793,4085.77628402,1041166.8753200001,1,6.939519388e-05,0.03365738841471701
162,163,163,1163,0,5,1,0,6,5,0,3676.59054538,8.19672131148,0.288461537241,2207.85653278,299841.782978,1,2.0037645975999998e-05,0.017916138036772
163,164,501,769,0,1,0,0,11,1,0,2778.03837082,1.6393442622999999,0.057692307448199996,2281.4369536,325509.68949699996,1,2.1765232821999997e-05,0.018957965037016
164,165,164,1162,0,3,2,0,29,5,0,6312.46842047,8.19672131148,0.288461537241,4423.35507061,1012076.12124,1,6.7632996879e-05,0.036248422226039
165,166,165,1169,0,2,0,0,17,2,0,3867.64266088,3.2786885245899997,0.115384614896,3806.08914586,442521.04588199995,1,2.9568743018000004e-05,0.031435397329973004
166,167,166,1402,0,0,0,1,34,1,0,1933.57271812,1.6393442622999999,0.057692307448199996,4141.94000121,1017016.4679899999,1,6.8017469264e-05,0.034845556141995
167,168,167,1441,0,0,0,1,120,1,0,4334.1129672,1.6393442622999999,0.057692307448199996,5075.59876079,1332137.92472,1,8.913784958499999e-05,0.042889849050177994
168,169,168,216,0,5,4,0,34,8,0,5866.88851014,13.114754098399999,0.461538459586,3581.67855863,703645.104408,1,4.703303752000001e-05,0.029152470948607997
169,170,169,1503,0,8,3,0,36,11,0,4553.85864788,18.0327868852,0.63461538193,6540.26437451,1939051.7567200002,1,0.000129417818531,0.051290581537570004
170,171,170,1935,0,4,0,0,34,4,0,1174.11992829,6.557377049179999,0.230769229793,5789.88771402,1758077.69068,1,0.000117234484095,0.048680197808638
171,172,171,404,0,3,0,0,32,3,0,2384.17338611,4.9180327868900005,0.173076922345,6460.62526089,1305471.46973,1,8.722843332600001e-05,0.052749057712284
172,173,172,1443,1,7,2,2,70,10,1,4116.83996099,18.0327868852,0.63461538193,6102.23427864,1130749.2017299999,1,7.5653542649e-05,0.052040377674120994
173,174,173,2172,0,2,0,1,54,3,0,2508.24387719,4.9180327868900005,0.173076922345,10100.701423999999,2694606.39887,1,0.000179916358216,0.085383014891956
174,175,174,1181,0,1,2,0,41,3,0,3959.32451168,4.9180327868900005,0.173076922345,4116.35510534,773178.42574,1,5.1676990713e-05,0.034490450730706
175,176,175,1504,1,6,4,0,9,5,1,3874.37237071,9.83606557377,0.346153844689,4115.79090409,1041895.04526,1,6.953547967899999e-05,0.033560435915642006
176,177,176,238,0,1,0,0,59,1,0,3821.66070531,1.6393442622999999,0.057692307448199996,3299.99252251,617976.963205,1,4.1311999019000004e-05,0.026589846911927
177,178,177,1975,1,0,0,0,12,0,1,734.657318435,1.6393442622999999,0.057692307448199996,2639.38699078,294597.421832,1,1.9654321039000002e-05,0.022686438978322003
178,179,178,439,0,2,0,0,62,2,0,3607.19569635,3.2786885245899997,0.115384614896,7829.38813311,2473829.10051,1,0.00016536976992899999,0.065715158904332
179,180,179,1496,0,0,1,0,6,1,0,0.5526128805380001,1.6393442622999999,0.057692307448199996,3234.51054461,508712.42523900006,1,3.405443540199999e-05,0.027569053353168997
180,181,180,1906,0,3,0,0,53,3,0,3783.85394083,4.9180327868900005,0.173076922345,6900.55224175,2042706.11347,1,0.000136136778489,0.057180584846497996
181,182,181,1171,0,0,0,1,55,1,0,5378.38021023,1.6393442622999999,0.057692307448199996,6180.29207,1510324.2743799998,1,0.00010093302958700002,0.051117560049843
182,183,182,1406,0,5,0,0,41,5,0,7628.91595389,8.19672131148,0.288461537241,5091.90886994,815901.261559,1,5.4570268048999996e-05,0.041014586985414
183,184,183,1907,0,1,0,0,58,1,0,3082.54169027,1.6393442622999999,0.057692307448199996,7299.50407822,2099323.35682,1,0.000139938675639,0.060019680707257994
184,185,184,1407,0,4,0,0,34,4,0,8663.03168511,6.557377049179999,0.230769229793,5087.36896306,1065135.48886,1,7.123797528200001e-05,0.041578497236333
185,186,185,362,0,7,2,0,31,9,0,7284.17864265,14.754098360699999,0.5192307670340001,4694.72026963,833362.89819,1,5.5741688801999996e-05,0.038459926297046
186,187,186,363,0,8,12,1,27,20,0,6636.98022403,32.7868852459,1.15384614896,5442.96712714,1632094.5444200002,2,0.00010917222828299998,0.044620334384190004
187,188,187,1909,0,1,0,0,61,1,0,3302.11574863,1.6393442622999999,0.057692307448199996,10382.912954899999,4103141.3129,1,0.000273469073353,0.086075690147806
188,189,188,1409,0,2,0,0,41,2,0,4991.58924685,3.2786885245899997,0.115384614896,4787.56031965,749491.8997300001,1,5.012586862100001e-05,0.040163127132617
189,190,189,1172,0,1,0,0,74,1,0,5486.23040417,1.6393442622999999,0.057692307448199996,7338.45827996,1790004.6944799998,1,0.00011962842363700002,0.058555029251025986
190,191,190,373,0,1,1,0,27,2,0,2260.57284135,3.2786885245899997,0.115384614896,4771.71480181,1303364.31415,1,8.7179370795e-05,0.038305606499484
191,192,191,374,0,1,1,0,16,2,0,3137.44109319,3.2786885245899997,0.115384614896,4480.83453159,1166125.60953,1,7.8001225436e-05,0.036837527092185
192,193,192,375,0,2,3,0,18,5,0,4713.03482988,8.19672131148,0.288461537241,3820.29577858,910345.3585959999,1,6.0892459255e-05,0.031251597733278
193,194,193,1911,1,2,0,0,7,2,1,72.7518588993,4.9180327868900005,0.173076922345,5169.16311704,1360196.93778,1,9.066527405099999e-05,0.042923077123194
194,195,194,522,0,10,2,0,44,10,0,4219.63899881,16.393442623,0.576923074482,2778.96645642,465770.47086999996,1,3.124110426e-05,0.022601045574343996
195,196,195,1412,0,1,0,0,63,1,0,3319.54399575,1.6393442622999999,0.057692307448199996,3761.43990188,629935.2287,1,4.2146871108999996e-05,0.030889827106599
196,197,196,1912,1,3,1,0,38,3,1,1973.28044685,6.557377049179999,0.230769229793,7071.81630299,2638517.63447,1,0.00017585778588900003,0.06021604705314199
197,198,197,1413,0,1,2,0,97,3,0,3824.40705445,4.9180327868900005,0.173076922345,4108.62310824,841568.23255,1,5.6304598808e-05,0.033989862609597
198,199,198,1913,1,11,3,0,45,12,1,5568.29498429,21.3114754098,0.7499999968269999,7312.41942455,3248741.82833,1,0.000216550202934,0.06030560035517
199,200,199,1414,0,5,2,2,51,9,0,4962.64854764,14.754098360699999,0.5192307670340001,4238.56977933,939055.665429,1,6.282564632899999e-05,0.034738981550955006
200,201,200,376,2,13,1,2,16,14,2,4652.78795234,26.2295081967,0.923076919172,3921.19915434,960886.3235,1,6.427312137799999e-05,0.032183851900262996
201,202,201,523,0,0,1,0,2,1,0,46.5672502844,1.6393442622999999,0.057692307448199996,8784.80251303,2185882.61355,1,0.000146646916683,0.06981740514823899
202,203,202,377,1,5,6,1,14,11,1,3676.00019403,19.6721311475,0.6923076893790001,2923.62144903,470622.97278,1,3.1479699707e-05,0.023241309742880998
203,204,203,1415,0,1,3,0,84,4,0,3582.98411634,6.557377049179999,0.230769229793,5673.60355314,1707705.355,1,0.00011424177742299998,0.047514664322028
204,205,204,1173,0,1,0,0,61,1,0,2774.08970077,1.6393442622999999,0.057692307448199996,4710.95591439,1177284.02714,1,7.8676325617e-05,0.038369971278446
205,206,205,378,0,0,1,0,12,1,0,583.3633650969999,1.6393442622999999,0.057692307448199996,3941.29219627,938720.3371309999,1,6.279039541899999e-05,0.032455671157388996
206,207,206,1915,0,8,1,0,31,9,0,3581.68865316,14.754098360699999,0.5192307670340001,4796.76353078,1010517.61744,1,6.7362612152e-05,0.039598992719537
207,208,207,1416,0,3,0,1,57,4,0,3443.8465566,6.557377049179999,0.230769229793,5377.96837936,1673236.8061600002,1,0.000111927188623,0.044693288644754005
208,209,208,379,0,5,2,1,18,6,0,3951.02651445,9.83606557377,0.346153844689,2928.63140958,473769.91661899997,1,3.169019953e-05,0.023290476769682
209,210,209,391,0,2,1,0,64,3,0,3396.99475297,4.9180327868900005,0.173076922345,7151.99307654,1971415.7483,1,0.000131879021248,0.059048027673864
210,211,210,1916,0,4,0,0,28,4,0,3882.92978014,6.557377049179999,0.230769229793,5276.1940908,1619881.77135,1,0.00010797954671899999,0.043510449321084006
211,212,211,392,0,2,0,0,47,2,0,5557.63028419,3.2786885245899997,0.115384614896,5776.8051611,1898299.80484,1,0.00012699888496,0.048390922587323006
212,213,212,1917,0,4,1,0,3,4,0,4122.8547158,6.557377049179999,0.230769229793,3112.10096951,522171.61206899997,1,3.4805106659999995e-05,0.025690142445828
213,214,213,524,0,1,1,0,59,2,0,1517.76531561,3.2786885245899997,0.115384614896,3535.0530029,680594.0019800001,1,4.5652574373000004e-05,0.028241453051959003
214,215,214,393,0,4,0,0,84,4,0,4142.45655077,6.557377049179999,0.230769229793,4482.78921081,1264315.76725,1,8.4576461427e-05,0.03741159555141001
215,216,215,525,0,10,2,0,73,12,0,3809.56071692,19.6721311475,0.6923076893790001,4165.51057109,1015484.7985299999,1,6.8117146853e-05,0.035055894237018
216,217,216,1918,0,2,0,0,35,2,0,5962.12293395,3.2786885245899997,0.115384614896,6395.39850792,1523049.13169,1,0.000101528458825,0.052411893750653
217,218,217,395,0,15,7,11,34,29,0,4501.13773373,47.5409836066,1.6730769159999999,4708.33253927,1338687.58048,3,8.9551684766e-05,0.039355940648758
218,219,218,2146,0,17,12,2,28,21,1,5243.11415534,36.0655737705,1.26923076386,4868.64639729,1424266.5196,3,9.5062673469e-05,0.04069797264610501
219,220,219,396,2,9,1,0,21,7,2,3911.11398634,14.754098360699999,0.5192307670340001,2920.42049028,473026.741528,1,3.1643163476e-05,0.023238229150211002
220,221,220,1919,1,2,1,0,7,2,1,186.177699628,4.9180327868900005,0.173076922345,8419.45054698,1975106.25916,1,0.000131672384349,0.06814745978337901
221,222,221,526,0,3,0,0,34,3,0,4339.45940474,4.9180327868900005,0.173076922345,3010.30164644,555765.821921,1,3.7277318095e-05,0.024676178385089998
222,223,222,397,1,21,9,2,22,24,1,6645.46719952,40.983606557399995,1.44230768621,4811.78604642,1387791.2532600001,3,9.2836475969e-05,0.040276751934947
223,224,223,2147,0,3,0,0,24,3,0,2590.5713737,4.9180327868900005,0.173076922345,4036.75922803,892320.637894,1,5.9557471447999996e-05,0.033912500547314
224,225,224,398,0,7,0,0,4,7,0,4545.92013746,11.475409836099999,0.40384615213799996,2973.36907733,492077.83976999996,1,3.2917555675e-05,0.023670343784654997
225,226,225,1427,0,3,0,0,18,3,0,3492.62672839,4.9180327868900005,0.173076922345,3675.40324316,715911.629217,1,4.7881742563e-05,0.030016372603367994
226,227,226,2149,1,9,6,0,20,11,1,3138.3912853,19.6721311475,0.6923076893790001,4753.1200429,1388106.63065,1,9.2650957777e-05,0.03831950285125
227,228,227,399,1,1,1,0,18,0,1,1439.71676073,1.6393442622999999,0.057692307448199996,2350.9029458,186384.823264,1,1.246821355e-05,0.018087161046437
228,229,228,2155,0,1,1,0,53,2,0,5176.80837596,3.2786885245899997,0.115384614896,4039.61356487,966710.60489,1,6.4534223237e-05,0.033149270085505
229,230,229,401,0,3,2,0,5,3,0,1075.99527935,4.9180327868900005,0.173076922345,3724.07237016,308237.40663000004,1,2.0599523276e-05,0.030305898303672002
230,231,230,1431,1,2,2,0,79,3,1,3076.88711607,6.557377049179999,0.230769229793,3960.45543378,845739.5159189999,1,5.6588721169e-05,0.033550979532734
231,232,231,1177,0,3,2,0,31,5,0,3100.32762204,8.19672131148,0.288461537241,5180.31409519,1234009.3211,1,8.2470381984e-05,0.041928842317219
232,233,232,2157,0,7,7,0,44,10,0,7411.15886901,16.393442623,0.576923074482,7107.59343177,2092679.9357599998,1,0.00013968561441999997,0.061464735937561
233,234,233,1921,0,8,1,0,37,9,0,4324.2400572,14.754098360699999,0.5192307670340001,6812.971058,2742051.25628,1,0.00018279339410099999,0.055733098521273
234,235,234,1432,0,0,2,0,60,2,0,2811.76543256,3.2786885245899997,0.115384614896,3907.52557339,831598.618017,1,5.563887877100001e-05,0.032784672637021
235,236,235,1433,0,7,0,3,55,9,0,2846.3670094999998,14.754098360699999,0.5192307670340001,4012.89023456,990244.332743,1,6.6249295453e-05,0.033290010067661
236,237,236,1924,1,10,1,0,63,10,1,5408.61514454,18.0327868852,0.63461538193,7573.14226791,2600347.97898,1,0.000173367705531,0.062240014621740995
237,238,237,528,2,9,4,1,63,9,2,3877.80663082,18.0327868852,0.63461538193,4639.54788056,1227849.34141,1,8.234923644399999e-05,0.03860096393985
238,239,238,1178,0,3,0,0,39,3,0,3632.81947827,4.9180327868900005,0.173076922345,4477.78046782,616178.380017,1,4.1178116742e-05,0.03684929421895201
239,240,239,1434,0,10,1,6,81,17,0,4053.80677561,27.868852459,0.98076922662,5423.78359442,1723965.7308900002,1,0.000115330045314,0.045049629449667
240,241,240,2159,0,1,1,0,24,1,0,1037.15520835,1.6393442622999999,0.057692307448199996,3380.23921919,624895.725437,1,4.171338482e-05,0.028025794003199
241,242,241,402,0,5,0,0,23,5,0,2325.63948269,8.19672131148,0.288461537241,8531.40524946,2576006.28054,1,0.000172149477165,0.070602407721328
242,243,242,215,1,3,0,0,35,3,1,2916.53525971,6.557377049179999,0.230769229793,3669.10313822,587305.3581300001,1,3.9256215771e-05,0.031056048499371006
243,244,243,1435,0,8,0,3,73,11,0,6366.81229845,18.0327868852,0.63461538193,5925.38450229,2073751.77957,1,0.00013871841712799997,0.049206347950034
244,245,244,403,0,1,1,0,6,1,0,495.821816295,1.6393442622999999,0.057692307448199996,5582.29048328,796312.1583479999,1,5.3211022523e-05,0.047009798870002006
245,246,245,1436,0,2,0,0,7,2,0,1216.26330515,3.2786885245899997,0.115384614896,2540.48060444,189792.325442,1,1.2695031904e-05,0.020419768314204
246,247,246,2161,0,4,0,0,73,4,0,4838.96957558,6.557377049179999,0.230769229793,8869.63553371,3616868.31251,1,0.00024146505313300001,0.074451246961909
247,248,247,1437,0,5,4,0,20,7,0,4318.798115199999,11.475409836099999,0.40384615213799996,3471.29669317,714910.317991,1,4.7818916455e-05,0.028509977210113002
248,249,248,1501,0,10,0,0,57,10,0,4213.44562968,16.393442623,0.576923074482,6217.70594988,2204317.7418299997,1,0.000147100309382,0.050076838251184995
249,250,249,1925,2,6,1,0,39,4,2,4781.58008565,9.83606557377,0.346153844689,5398.39213321,1458773.31139,1,9.725039574500001e-05,0.044528791869568006
250,251,250,1438,0,4,0,0,21,4,0,6494.78251603,6.557377049179999,0.230769229793,3705.77881376,847758.0393,1,5.670230673100001e-05,0.030503627020935002
251,252,251,529,3,17,4,0,193,17,3,3588.62882172,32.7868852459,1.15384614896,13860.885360499999,9470038.261739999,3,0.0006352316929990001,0.11595850174550901
252,253,252,143,0,0,1,0,3,1,0,56.678311503900005,1.6393442622999999,0.057692307448199996,1098.25520723,74574.94245619999,1,4.98625907e-06,0.009068894100454
253,254,253,1502,0,6,1,0,38,7,0,3006.5520575,11.475409836099999,0.40384615213799996,5992.14988815,1644513.73062,1,0.00010974472089000001,0.04721462217559901
254,255,254,531,0,0,1,0,29,1,0,3139.64014742,1.6393442622999999,0.057692307448199996,3676.96128484,746664.22198,1,5.0077624586e-05,0.030373866937409
255,256,255,2173,0,1,2,0,25,2,0,2248.57166824,3.2786885245899997,0.115384614896,5714.63805916,1707466.31558,1,0.000114005249293,0.046058703345780994
256,257,256,406,0,1,0,0,34,1,0,2454.5373028,1.6393442622999999,0.057692307448199996,5556.41687548,1448834.94722,1,9.681695426299999e-05,0.044400929088883
257,258,257,1445,1,6,0,0,55,6,1,6211.55405905,11.475409836099999,0.40384615213799996,4405.59411808,844312.701371,1,5.648587980899999e-05,0.036932493639513
258,259,258,1941,0,1,0,1,26,2,0,752.218576838,3.2786885245899997,0.115384614896,3233.91041207,596556.96807,1,3.9783612573000004e-05,0.025981548119485002
259,260,259,532,0,6,2,0,13,7,0,4509.33284869,11.475409836099999,0.40384615213799996,3619.40871592,751148.804602,1,5.0378428906e-05,0.029151091922487
260,261,260,2175,1,6,2,0,57,7,1,4496.99434702,13.114754098399999,0.461538459586,7019.55249409,2890956.83825,1,0.000193012257274,0.057973551625667
261,262,261,407,0,2,0,0,50,2,0,3323.57784337,3.2786885245899997,0.115384614896,6648.05804598,1231692.52748,1,8.2315902068e-05,0.053908799780432
262,263,262,1505,1,6,6,0,15,9,1,5357.37808677,16.393442623,0.576923074482,4584.75688252,1270038.2593,1,8.476249067599999e-05,0.037051577801202
263,264,263,1943,0,3,0,0,60,3,0,3639.65789246,4.9180327868900005,0.173076922345,6396.28791746,1833768.39478,1,0.00012229098620899999,0.054983206945787996
264,265,264,1446,0,9,0,0,18,9,0,4317.81395917,14.754098360699999,0.5192307670340001,3928.06338374,750780.04128,1,5.0226553006000005e-05,0.032369272711218
265,266,265,408,1,6,0,1,33,7,1,2587.83604376,13.114754098399999,0.461538459586,3851.29473759,646264.145894,1,4.3190465765e-05,0.032339122528955
266,267,266,2177,0,2,0,0,102,2,0,8187.32044761,3.2786885245899997,0.115384614896,10266.2442191,4824420.70792,1,0.00032209553677999995,0.08804526046211
267,268,267,1506,0,6,4,0,18,6,0,4696.85820761,9.83606557377,0.346153844689,5064.08094193,1505970.0537299998,1,0.00010050963644200001,0.040633913380745
268,269,268,1944,1,2,1,0,31,3,1,3895.62038157,6.557377049179999,0.230769229793,6084.23865555,1424100.1681600001,1,9.496696835500001e-05,0.048983686081149995
269,270,269,1945,0,4,1,0,23,4,0,1426.59989478,6.557377049179999,0.230769229793,6583.15741179,797033.245204,1,5.3155606906000006e-05,0.057034300538605004
270,271,270,409,0,9,0,0,39,9,0,4865.9840182,14.754098360699999,0.5192307670340001,5131.98479298,1382602.14419,1,9.239417652299999e-05,0.043029775868212
271,272,271,217,0,7,3,0,37,9,0,3400.86801271,14.754098360699999,0.5192307670340001,3646.45943501,591305.327958,1,3.9524732244e-05,0.029267986153616
272,273,272,1449,0,5,1,0,35,6,0,3728.15931386,9.83606557377,0.346153844689,4701.50961912,906306.966274,1,6.0628979829999997e-05,0.038574463583723
273,274,273,541,0,2,0,0,34,2,0,4364.45905777,3.2786885245899997,0.115384614896,6278.81793214,1516160.81269,1,0.000101724459101,0.05326088594432401
274,275,274,1183,0,1,0,0,45,1,0,4009.60742062,1.6393442622999999,0.057692307448199996,4271.18210498,891293.84507,1,5.9569907756000005e-05,0.033998476168192
275,276,275,411,0,2,5,0,10,6,0,221.290607762,9.83606557377,0.346153844689,3551.87256172,803550.3570300001,1,5.3709821409e-05,0.028275152140139998
276,277,276,1951,0,3,0,0,12,3,0,797.715631366,4.9180327868900005,0.173076922345,3030.37444484,526067.1921399999,1,3.5085870786e-05,0.024178545955068
277,278,277,1954,0,7,0,0,41,7,0,4487.02726633,11.475409836099999,0.40384615213799996,5860.24729599,1900445.98052,1,0.000126755136938,0.0465321615566
278,279,278,2187,0,2,0,0,59,2,0,4284.09831037,3.2786885245899997,0.115384614896,7085.41489035,3081670.07775,1,0.00020576864627800003,0.058636670834168
279,280,279,414,0,1,0,0,7,1,0,1075.9469853,1.6393442622999999,0.057692307448199996,3358.82947943,551160.3550399999,1,3.683701153e-05,0.027833813981456002
280,281,280,1453,0,5,2,0,21,5,0,2182.00056907,8.19672131148,0.288461537241,4801.23492118,1097238.5751399999,1,7.3414225056e-05,0.040165882002335
281,282,281,1955,0,8,0,0,29,8,0,2053.29621898,13.114754098399999,0.461538459586,4412.37783522,1238096.77265,1,8.257461033200001e-05,0.036948389011402
282,283,282,1514,0,6,3,0,2,6,0,3614.44606317,9.83606557377,0.346153844689,2929.44341242,476163.56314,1,3.1782837286999995e-05,0.023279253043863
283,284,283,415,0,9,4,0,9,11,0,4599.87120123,18.0327868852,0.63461538193,3291.84525159,579457.613001,1,3.873139334e-05,0.027401637320308998
284,285,284,1454,0,1,2,1,37,3,0,4284.12569941,4.9180327868900005,0.173076922345,6658.20007513,2571332.15333,1,0.00017205834444099997,0.055065257362377995
285,286,285,218,0,1,0,0,43,1,0,4933.93887411,1.6393442622999999,0.057692307448199996,4005.0223221999995,1001746.6858,1,6.6960511962e-05,0.032349723950135
286,287,286,1956,0,4,1,0,13,5,0,1719.80600862,8.19672131148,0.288461537241,4124.4784821,917792.599392,1,6.1217089382e-05,0.034158258260087004
287,288,287,1515,0,8,2,0,8,8,0,4492.95268572,13.114754098399999,0.461538459586,4705.868850600001,852728.687642,1,5.6916132513000005e-05,0.03794628120005
288,289,288,1958,1,4,2,0,29,5,1,4464.46699003,9.83606557377,0.346153844689,6766.96827828,1860607.0839799999,1,0.000124106275807,0.053732587260235
289,290,289,1455,0,4,2,1,60,6,0,5164.87743583,9.83606557377,0.346153844689,6828.08637622,1770006.72282,1,0.000118430567857,0.05602791139994
290,291,290,2196,0,5,0,0,108,5,0,3520.68099645,8.19672131148,0.288461537241,10937.5432564,5002103.0949800005,1,0.00033404956086300003,0.090597012462986
291,292,291,416,0,3,0,0,45,3,0,2734.64876828,4.9180327868900005,0.173076922345,6595.75838683,1352977.78755,1,9.042877126000001e-05,0.053847962367006
292,293,292,1516,1,7,6,0,3,10,1,2953.00053435,18.0327868852,0.63461538193,4247.16764163,1105995.7043,1,7.3822143124e-05,0.034546921220331
293,294,293,1959,1,9,8,0,24,11,1,5442.7740731,19.6721311475,0.6923076893790001,5992.28343836,1590634.4933200001,1,0.00010609383766600002,0.04796847493331299
294,295,294,1517,0,7,6,0,16,10,0,2927.07990947,16.393442623,0.576923074482,3778.4228695,878411.773101,1,5.8632143173999996e-05,0.031055726547747003
295,296,295,195,2,2,9,0,30,9,2,682.383334145,18.0327868852,0.63461538193,3138.45432461,588010.47755,1,3.932288175e-05,0.025842194441652
296,297,296,1457,0,4,1,1,48,6,0,3255.13689894,9.83606557377,0.346153844689,4478.72711079,908154.473584,1,6.0762218651e-05,0.03644046763105
297,298,297,1519,0,5,0,0,32,5,0,4453.57177298,8.19672131148,0.288461537241,4930.570592800001,1317218.78731,1,8.792442475e-05,0.039963280368370005
298,299,298,417,1,7,0,0,71,6,1,1999.63140615,11.475409836099999,0.40384615213799996,5239.70775035,1318544.6268799999,1,8.812932940599999e-05,0.04281946191787
299,300,299,2198,0,1,0,0,17,1,0,239.157744884,1.6393442622999999,0.057692307448199996,8903.51245616,1547086.88469,1,0.00010333114425700001,0.074687087531955
300,301,300,1962,0,9,5,0,54,10,0,6984.20170004,16.393442623,0.576923074482,6893.82161505,2692819.02195,1,0.000179634148313,0.056086904916662995
301,302,301,555,0,9,0,0,63,9,0,3428.15030144,14.754098360699999,0.5192307670340001,5033.88841121,1314564.2076700001,1,8.820519628100001e-05,0.041421197854712995
302,303,302,418,0,2,1,1,24,3,0,1374.18142774,4.9180327868900005,0.173076922345,5677.86266096,1281671.22645,1,8.564886867499999e-05,0.045818472318915
303,304,303,1458,0,4,6,1,36,9,0,5204.42325305,14.754098360699999,0.5192307670340001,4414.94628189,886058.82846,1,5.927946001100001e-05,0.036111760757158995
304,305,304,1963,0,4,3,0,12,7,0,2538.68929,11.475409836099999,0.40384615213799996,3694.19759271,618663.69924,1,4.1268831459000004e-05,0.030357467251905
305,306,305,421,0,3,2,0,41,5,0,3036.26340513,8.19672131148,0.288461537241,5118.54663657,1409897.5961200001,1,9.4248129186e-05,0.041712444564654
306,307,306,1521,0,2,4,0,18,5,0,4586.24668019,8.19672131148,0.288461537241,3506.33452031,726323.50364,1,4.8478230188e-05,0.0286474416027
307,308,307,1459,0,3,0,1,23,3,0,1279.00858098,4.9180327868900005,0.173076922345,3802.09771389,522100.03660200007,1,3.4929411598000004e-05,0.030738610923142
308,309,308,557,0,12,1,0,81,12,0,4209.9894765,19.6721311475,0.6923076893790001,3789.28370482,868948.02799,1,5.8309926444e-05,0.031300779851853
309,310,309,1522,0,4,5,0,31,8,0,4589.9526799,13.114754098399999,0.461538459586,5445.55732176,1154206.42502,1,7.7041246543e-05,0.04307323953216201
310,311,310,422,0,10,1,0,18,11,0,6377.29824123,18.0327868852,0.63461538193,3958.75831,951010.830106,1,6.3570478835e-05,0.033030690932264996
311,312,311,1523,0,4,0,0,40,4,0,4506.84055047,6.557377049179999,0.230769229793,4841.19680447,1398037.0679799998,1,9.3325843901e-05,0.038930193337391
312,313,312,423,1,5,2,0,31,4,1,2604.0176321,8.19672131148,0.288461537241,3776.43686019,646785.013655,1,4.3237478449999996e-05,0.031449276317785
313,314,313,145,0,0,1,0,5,1,0,204.439710081,1.6393442622999999,0.057692307448199996,775.2586668910001,35629.9500649,1,2.382351951e-06,0.006355355422898001
314,315,314,219,0,0,1,0,37,1,0,3245.10095524,1.6393442622999999,0.057692307448199996,4102.67138471,685017.640717,1,4.5791607385e-05,0.032440215633429
315,316,315,1964,1,4,5,0,5,6,1,3208.55363551,11.475409836099999,0.40384615213799996,3452.86790247,726006.3881,1,4.8433409116000004e-05,0.028014318355376
316,317,316,424,0,0,1,0,48,1,0,3954.84599708,1.6393442622999999,0.057692307448199996,6244.53284335,1420256.6612,1,9.493815020299999e-05,0.050820135747095
317,318,317,558,0,13,3,0,63,15,0,2994.38756379,24.5901639344,0.865384611723,8304.24358677,3041997.53764,1,0.00020411241466099995,0.068125634533844
318,319,318,1524,0,0,1,0,12,1,0,163.468306016,1.6393442622999999,0.057692307448199996,3245.48144958,515183.774991,1,3.439027476199999e-05,0.025634485123966003
319,320,319,1966,0,2,0,0,20,2,0,6268.47562496,3.2786885245899997,0.115384614896,3749.3196302,805304.63658,1,5.3723511509e-05,0.030843856960386
320,321,320,221,0,2,4,0,12,4,0,4797.21048116,6.557377049179999,0.230769229793,2673.32714463,355564.80517,1,2.3765819871999996e-05,0.022886032864723998
321,322,321,426,1,0,0,0,21,0,1,3655.94641885,1.6393442622999999,0.057692307448199996,3406.86362228,639040.2129,1,4.2709400132e-05,0.028341217881764996
322,323,322,231,0,4,1,0,29,5,0,4950.48460072,8.19672131148,0.288461537241,3054.7399848,519873.72048,1,3.4750439335e-05,0.02449356764453
323,324,323,1525,0,6,2,0,37,7,0,5253.25092211,11.475409836099999,0.40384615213799996,6279.70352682,1959675.40275,1,0.00013082159101,0.04920409619851599
324,325,324,1967,0,13,6,0,48,15,0,7841.415426899999,24.5901639344,0.865384611723,6192.79748319,2379783.79895,1,0.000158755199785,0.050489859341003
325,326,325,233,0,5,0,0,13,5,0,5964.10234686,8.19672131148,0.288461537241,3015.76911542,473712.55129,1,3.1665874668000005e-05,0.024425825571421998
326,327,326,1526,0,8,1,0,22,9,0,8083.8948052000005,14.754098360699999,0.5192307670340001,4877.59858299,1426100.76932,1,9.519922901200002e-05,0.039265517690774
327,328,327,1969,0,12,12,0,31,18,0,3987.29522421,29.508196721300003,1.03846153407,5785.9434237,1621230.22905,2,0.00010815063074,0.047376343366467004
328,329,328,235,0,7,2,0,22,8,0,6451.51754707,13.114754098399999,0.461538459586,3514.56452838,731578.705729,1,4.8904236907e-05,0.028658193654858995
329,330,329,1465,0,3,2,0,75,5,0,3261.23765077,8.19672131148,0.288461537241,6178.76497743,1530615.83751,1,0.00010241586978799998,0.052145756046896
330,331,330,1527,0,3,0,0,29,3,0,4280.14208575,4.9180327868900005,0.173076922345,4871.93118392,1422572.84456,1,9.496372719600002e-05,0.039218565573149004
331,332,331,236,2,5,12,0,20,12,2,7324.00826539,22.9508196721,0.8076923042749999,3484.43950304,667332.312246,1,4.4610414659999996e-05,0.028298942181747
332,333,332,118,0,0,9,0,25,9,0,1786.03313676,14.754098360699999,0.5192307670340001,4762.05579295,1377766.69288,1,9.2101787159e-05,0.0392455030257
333,334,333,1466,0,3,0,0,39,3,0,3636.16011699,4.9180327868900005,0.173076922345,6186.98108495,2218466.10893,1,0.00014846108442700002,0.049660066222655994
334,335,334,1529,0,6,0,0,33,6,0,4542.2618142,9.83606557377,0.346153844689,4253.59212113,1142272.80038,1,7.6254085245e-05,0.035347029068395
335,336,335,437,0,1,2,0,50,3,0,3902.35659378,4.9180327868900005,0.173076922345,7025.34561776,2852012.46569,1,0.00019064704001499997,0.05777879673635299
336,337,336,237,1,3,3,0,68,5,1,9029.29175918,9.83606557377,0.346153844689,4868.06963385,1042436.60906,1,6.968893400300001e-05,0.039776828462706006
337,338,337,1972,0,5,9,0,4,11,0,4174.15848508,18.0327868852,0.63461538193,3049.16299185,496490.18347299995,1,3.3123949145999997e-05,0.025924699818826002
338,339,338,1974,0,5,2,0,5,5,0,6819.55785505,8.19672131148,0.288461537241,3316.45995079,523113.3253,1,3.490017468e-05,0.028328550344482003
339,340,339,152,0,0,2,0,12,2,0,95.02454684,3.2786885245899997,0.115384614896,2505.59117283,373777.4952,1,2.4991576615e-05,0.020772088189393002
340,341,340,1468,0,1,1,0,6,1,0,2300.69240611,1.6393442622999999,0.057692307448199996,2256.34184608,332788.172798,1,2.2265688008000002e-05,0.01840969847795
341,342,341,443,0,1,0,1,26,1,0,1485.07393388,1.6393442622999999,0.057692307448199996,5194.54286615,1663727.60445,1,0.000111225349831,0.043589995194292006
342,343,342,245,0,4,2,0,13,6,0,7216.47482071,9.83606557377,0.346153844689,3418.15818378,703972.561342,1,4.706252169699999e-05,0.027841021046634
343,344,343,1982,0,1,1,0,16,2,0,3952.7925235,3.2786885245899997,0.115384614896,2874.92963887,473393.18533,1,3.1584384420000004e-05,0.024332473445047
344,345,344,1535,0,9,1,0,27,9,0,4065.5519298,14.754098360699999,0.5192307670340001,3901.75928868,951473.204119,1,6.352234438699999e-05,0.032017213215677
345,346,345,1472,0,2,1,0,56,3,0,2082.00800956,4.9180327868900005,0.173076922345,9516.42910809,2142012.4539099997,1,0.000143365141588,0.077863244946324
346,347,346,445,1,0,0,0,11,0,1,469.30718704300006,1.6393442622999999,0.057692307448199996,2444.53093384,297600.87381,1,1.9896698278999998e-05,0.020991670280661998
347,348,347,1538,0,11,2,0,8,13,0,6927.45574989,21.3114754098,0.7499999968269999,3895.50647392,948421.0097700001,1,6.331857138499999e-05,0.031962741396403004
348,349,348,246,0,1,7,0,2,7,0,3328.66217965,11.475409836099999,0.40384615213799996,2594.53665195,232863.99036599998,1,1.5567697479e-05,0.020791339473773
349,350,349,1983,0,2,0,0,11,2,0,5901.86202603,3.2786885245899997,0.115384614896,3677.74118247,824230.15747,1,5.4995314787e-05,0.030197141776898
350,351,350,448,0,5,0,0,29,5,0,4406.30628324,8.19672131148,0.288461537241,4300.70564798,939461.8357,1,6.280672240199999e-05,0.034978053894283
351,352,351,1473,0,1,1,0,58,2,0,3758.27893398,3.2786885245899997,0.115384614896,7041.55544021,1956932.66165,1,0.00013097911013,0.060227455430240995
352,353,352,563,0,15,0,0,103,15,0,8006.82797846,24.5901639344,0.865384611723,5610.89424081,1610728.87173,3,0.000108097865437,0.046377943681165996
353,354,353,449,0,4,0,1,20,5,0,4109.36686233,8.19672131148,0.288461537241,3763.04722757,770972.739225,1,5.154697519899999e-05,0.031605864299117
354,355,354,247,0,3,6,0,3,6,0,4422.26948742,9.83606557377,0.346153844689,1679.52666359,164412.25652,1,1.0991586649e-05,0.013644629816630999
355,356,355,1474,0,2,4,0,29,5,0,3026.3159696,8.19672131148,0.288461537241,5661.68176054,1769981.57191,1,0.00011845973006599999,0.045680660339872
356,357,356,1539,0,19,9,0,46,24,0,5096.67165322,39.3442622951,1.3846153787600002,4620.22051042,1298314.0308299998,3,8.6678154676e-05,0.038492126646153
357,358,357,119,0,2,5,0,20,5,0,8435.76664605,8.19672131148,0.288461537241,4471.63267248,1270728.269,1,8.495500223999999e-05,0.036734503970291
358,359,358,248,0,1,2,0,11,2,0,6839.84824245,3.2786885245899997,0.115384614896,2437.45909437,283971.699275,1,1.8984993071e-05,0.020062494113017
359,360,359,1985,0,3,0,0,24,3,0,10570.7794641,4.9180327868900005,0.173076922345,4990.88395203,1305940.47881,1,8.7134955424e-05,0.040175678173472
360,361,360,564,0,2,6,0,35,7,0,4338.44973833,11.475409836099999,0.40384615213799996,3526.32241982,781703.16766,1,5.2455531041000004e-05,0.029086225445955
361,362,361,451,0,1,2,0,57,2,0,217.54450428,3.2786885245899997,0.115384614896,2893.98863349,498633.82703999995,1,3.33393943e-05,0.024046324813781002
362,363,362,1203,5,23,12,18,78,39,6,6914.43230534,73.7704918033,2.59615383517,5122.344050399999,1625734.32039,3,0.000108763820891,0.04244694831539499
363,364,363,565,0,4,0,0,26,4,0,1345.6362044000002,6.557377049179999,0.230769229793,2693.1546137,357369.321474,1,2.3982224148e-05,0.023093130263372993
364,365,364,249,0,0,1,0,33,1,0,2176.93639292,1.6393442622999999,0.057692307448199996,3196.77549237,589120.906222,1,3.9387369662e-05,0.026353234143352996
365,366,365,1987,1,7,1,0,34,8,1,6292.65456864,14.754098360699999,0.5192307670340001,6328.821455899999,2048685.3576,1,0.00013669161729799997,0.052637312971167
366,367,366,452,0,1,0,0,7,1,0,126.410555946,1.6393442622999999,0.057692307448199996,2443.6148224,115305.223165,1,7.709460748e-06,0.019937744942630002
367,368,367,1204,1,0,1,0,61,1,1,3106.8451053000003,3.2786885245899997,0.115384614896,3998.64673671,764771.113029,1,5.1162803594999994e-05,0.034226576881438
368,369,368,251,0,2,0,0,7,2,0,3252.38174588,3.2786885245899997,0.115384614896,2525.63318675,238154.65211999998,1,1.5920804425e-05,0.020091333132965003
369,370,369,1477,0,1,0,0,39,1,0,3376.46901355,1.6393442622999999,0.057692307448199996,5454.47297917,1629968.52834,1,0.000109091469987,0.045163146928645995
370,371,370,566,2,20,16,1,37,26,2,4071.55340224,45.9016393443,1.6153846085499999,3359.1830741,705168.62582,3,4.732325207800001e-05,0.027608048809788
371,372,371,256,0,0,6,0,10,6,0,2664.08688903,9.83606557377,0.346153844689,2083.9519597,268728.52465,1,1.7966224445e-05,0.017259161228143995
372,373,372,1479,0,3,0,0,31,3,0,3356.6100643,4.9180327868900005,0.173076922345,5792.61037114,1843917.36354,1,0.000123409765352,0.048068059171193
373,374,373,1205,2,0,0,0,85,0,2,4100.47981665,3.2786885245899997,0.115384614896,4250.95160356,916659.9525700001,1,6.1327199304e-05,0.036118198649923994
374,375,374,257,0,0,1,0,21,1,0,4836.55661494,1.6393442622999999,0.057692307448199996,3090.24231726,444898.52167399996,1,2.9744762676e-05,0.025136926916424
375,376,375,147,0,0,2,0,1,2,0,703.3631590069999,3.2786885245899997,0.115384614896,923.12376026,51147.56590369999,1,3.4199923360000004e-06,0.007622561714593001
376,377,376,453,0,5,0,0,20,5,0,4036.3167291,8.19672131148,0.288461537241,3926.30331043,871640.409357,1,5.8278020858e-05,0.032230053649515
377,378,377,1483,0,1,1,0,44,2,0,7265.87556986,3.2786885245899997,0.115384614896,8264.28729017,1856630.50351,1,0.000124273280715,0.07045240041576101
378,379,378,261,0,4,5,0,30,8,0,4456.37387487,13.114754098399999,0.461538459586,2354.4657365,317274.93124,1,2.1211765276e-05,0.019334360751483003
379,380,379,1989,0,1,0,0,27,1,0,1287.50359651,1.6393442622999999,0.057692307448199996,5662.90539062,1571974.92035,1,0.000104887403175,0.04612037560098901
380,381,380,266,0,4,3,0,5,6,0,3980.80287926,9.83606557377,0.346153844689,1798.80110062,201888.838426,1,1.3498084373e-05,0.014780060727313998
381,382,381,1207,0,4,0,0,25,4,0,2946.14979578,6.557377049179999,0.230769229793,3239.0015448000004,552994.8216,1,3.6996048639e-05,0.025624970935032
382,383,382,1486,0,0,2,0,17,2,0,13.608966031500001,3.2786885245899997,0.115384614896,6040.93589453,1031571.07216,1,6.9049018939e-05,0.050801000230249
383,384,383,456,0,6,0,0,22,6,0,3977.88634219,9.83606557377,0.346153844689,2800.83706462,409192.600463,1,2.7359213911999994e-05,0.023474959807477002
384,385,384,269,0,0,6,0,25,6,0,3635.64494756,9.83606557377,0.346153844689,2904.95712848,445695.23661,1,2.9799603809e-05,0.024668592966775
385,386,385,271,0,10,10,0,6,13,0,2865.88577762,21.3114754098,0.7499999968269999,2205.99401141,261323.2611,1,1.7471844695999998e-05,0.018117373308526
386,387,386,457,1,4,0,0,37,3,1,4596.12986569,6.557377049179999,0.230769229793,2938.56179361,470011.884735,1,3.1426892931999995e-05,0.024542483665875
387,388,387,1488,0,5,7,0,32,9,0,3833.99332439,14.754098360699999,0.5192307670340001,5616.9284149,1521568.51746,1,0.00010185088742899999,0.044577357453341
388,389,388,1208,1,5,0,0,4,5,1,3686.20396658,9.83606557377,0.346153844689,3144.99887867,533185.9792899999,1,3.5670717693e-05,0.024941485996014
389,390,389,275,0,2,6,0,12,8,0,3324.72109066,13.114754098399999,0.461538459586,2378.7462102,338450.21271,1,2.2629128431999996e-05,0.019787816053547
390,391,390,1543,0,3,1,0,33,3,0,6365.4041234,4.9180327868900005,0.173076922345,3897.05425003,949183.76764,1,6.337496076300001e-05,0.031979187752362005
391,392,391,1489,4,6,18,1,39,18,4,3187.04965125,36.0655737705,1.26923076386,3807.78797075,906162.266993,2,6.0659410106000005e-05,0.031281548034499
392,393,392,279,0,3,2,0,26,5,0,2286.68614734,8.19672131148,0.288461537241,2431.7751826,342600.378252,1,2.2907298139000005e-05,0.020524144976711997
393,394,393,1991,0,5,8,0,2,10,0,3202.81283553,16.393442623,0.576923074482,2959.81780856,535430.342894,1,3.5728380904e-05,0.024230564442473998
394,395,394,459,0,5,0,1,23,6,0,4201.03663263,9.83606557377,0.346153844689,3487.39884522,712653.861059,1,4.7651817651e-05,0.028141819880439997
395,396,395,148,0,0,4,0,10,4,0,935.80729637,6.557377049179999,0.230769229793,1550.29290344,120829.72712000001,1,8.079459906e-06,0.012658081943316999
396,397,396,461,1,5,2,0,20,6,1,1020.99020203,11.475409836099999,0.40384615213799996,3290.20371221,654240.7736600001,1,4.374614486300001e-05,0.027278981183813
397,398,397,581,0,1,1,0,94,2,0,3063.79317222,3.2786885245899997,0.115384614896,6433.04603791,2626469.5263799997,1,0.000176280925092,0.054381638372532994
398,399,398,281,0,3,4,0,7,6,0,2833.34810438,9.83606557377,0.346153844689,2001.58310815,220716.110909,1,1.4757543802999999e-05,0.016260636615511997
399,400,399,1545,0,4,0,0,47,4,0,6268.41427571,6.557377049179999,0.230769229793,5855.06090843,1902451.7331299998,1,0.00012702806857499998,0.046539016329626
400,401,400,1209,1,3,0,0,10,2,1,1412.21000133,4.9180327868900005,0.173076922345,2583.17405464,220735.37255,1,1.4767453262e-05,0.019897991405823996
401,402,401,1546,0,2,0,0,30,2,0,2629.67961274,3.2786885245899997,0.115384614896,4869.29262018,1029490.51204,1,6.874097137299999e-05,0.038359781049562
402,403,402,285,0,4,2,0,5,5,0,2594.70826973,8.19672131148,0.288461537241,2096.42525707,263931.367404,1,1.7647429963e-05,0.017340567370749
403,404,403,463,0,3,1,0,26,4,0,2287.77025567,6.557377049179999,0.230769229793,2797.3193343000003,435391.9424,1,2.9112314636000002e-05,0.022495446442524
404,405,404,1993,0,1,2,0,24,2,0,4398.03368264,3.2786885245899997,0.115384614896,3742.58639815,835267.2978,1,5.5736373163999995e-05,0.030663623714244997
405,406,405,583,0,2,1,0,62,3,0,2677.20287385,4.9180327868900005,0.173076922345,7409.81101682,2161488.77857,1,0.00014507930382799997,0.061620495652073
406,407,406,1547,0,3,1,0,9,4,0,1325.57816366,6.557377049179999,0.230769229793,5188.11676351,872538.1290399999,1,5.8258837658999995e-05,0.040897479718387
407,408,407,289,1,2,1,0,6,2,1,2230.62128484,4.9180327868900005,0.173076922345,2017.92920074,245786.80051399997,1,1.6434567507e-05,0.016743913916450002
408,409,408,1994,0,7,5,0,13,9,0,4479.77638379,14.754098360699999,0.5192307670340001,6003.33926532,808685.89389,1,5.3962339578e-05,0.050388649586635
409,410,409,464,0,2,1,0,18,3,0,4064.6485011,4.9180327868900005,0.173076922345,2821.12760327,441667.01243299997,1,2.9532409715e-05,0.022828048280342003
410,411,410,1211,0,10,4,1,36,11,0,5147.63215431,18.0327868852,0.63461538193,6565.31621242,1898113.79272,1,0.000126997098428,0.055964139429657
411,412,411,1548,0,7,0,0,27,7,0,4104.08609585,11.475409836099999,0.40384615213799996,4859.90847748,947678.41816,1,6.327579705100001e-05,0.042144067618517
412,413,412,291,0,2,0,0,22,2,0,2311.26423931,3.2786885245899997,0.115384614896,2497.12205472,266318.09999,1,1.7807752893e-05,0.019652321984805002
413,414,413,1213,2,13,6,11,81,23,2,4214.47896001,40.983606557399995,1.44230768621,4390.19607143,1110007.14696,2,7.426732984899999e-05,0.037012244682289
414,415,414,1995,0,4,5,0,2,7,0,3148.05230137,11.475409836099999,0.40384615213799996,2890.41383127,514648.59041099995,1,3.4342945038e-05,0.023699842212742
415,416,415,465,0,1,0,0,14,1,0,2929.11877178,1.6393442622999999,0.057692307448199996,2562.6832475,382888.80704,1,2.5605372341999995e-05,0.021375275057689998
416,417,416,1549,0,8,6,0,60,10,0,4921.39695134,16.393442623,0.576923074482,7080.94199628,1529257.15228,1,0.000102103813797,0.060676346255245005
417,418,417,585,0,5,1,0,168,6,0,7942.55745302,9.83606557377,0.346153844689,5215.22974566,1605365.44144,1,0.000107747738278,0.043973107068600005
418,419,418,466,1,5,2,1,31,7,1,3577.36356076,13.114754098399999,0.461538459586,2806.93993269,439595.428833,1,2.9394208236999997e-05,0.023513500019952
419,420,419,467,1,4,1,0,26,4,1,5120.2269674,8.19672131148,0.288461537241,4011.18262131,941183.7063200001,1,6.2937316944e-05,0.033129427328019
420,421,420,1497,0,0,2,0,5,2,0,32.0808946242,3.2786885245899997,0.115384614896,3249.66941561,596023.162382,1,3.9901146443e-05,0.027146785983928
421,422,421,468,0,5,0,0,26,5,0,3259.90375103,8.19672131148,0.288461537241,3757.90482044,881598.7671200001,1,5.8952886929e-05,0.030943621091929
422,423,422,1218,1,6,2,1,18,7,1,4935.09189934,13.114754098399999,0.461538459586,3716.60517481,836492.4345699999,1,5.5967116721999993e-05,0.03069425924214
423,424,423,301,0,0,1,0,37,1,0,1171.14210214,1.6393442622999999,0.057692307448199996,3734.59476072,379101.27254499996,1,2.5352216554e-05,0.032766986550669
424,425,424,1498,0,0,1,0,1,1,0,0.283727893865,1.6393442622999999,0.057692307448199996,3682.97803019,812942.77238,1,5.4426451361e-05,0.030401631337918997
425,426,425,587,0,1,0,1,96,2,0,4134.18833962,3.2786885245899997,0.115384614896,5708.4814433,1233181.43791,1,8.277798016500001e-05,0.04427792825119
426,427,426,1555,0,6,3,0,48,8,0,7622.94569856,13.114754098399999,0.461538459586,5317.79053831,1574896.89011,1,0.000105164418332,0.043161939784083
427,428,427,1557,0,5,2,0,50,7,0,6580.57210314,11.475409836099999,0.40384615213799996,4889.45106274,1452357.11186,1,9.6981343005e-05,0.039142985766893
428,429,428,303,1,0,1,0,22,0,1,472.70768496,1.6393442622999999,0.057692307448199996,2089.12218602,175962.052005,1,1.1767385613e-05,0.018120722762757
429,430,429,469,0,3,0,0,26,3,0,2688.94091311,4.9180327868900005,0.173076922345,4338.63180683,662198.802532,1,4.4283826271999995e-05,0.034268349798978
430,431,430,1999,0,9,0,0,28,9,0,6483.88430378,14.754098360699999,0.5192307670340001,6130.96934431,1763214.6923099998,1,0.000117660822898,0.04953983342377599
431,432,431,1559,1,2,0,0,35,2,1,2789.08496497,4.9180327868900005,0.173076922345,5414.16017222,1466073.94809,1,9.789862900700001e-05,0.043914678157981
432,433,432,305,0,3,0,0,19,3,0,731.405595232,4.9180327868900005,0.173076922345,2680.24995048,278367.10498,1,1.8615635377e-05,0.02333905332131
433,434,433,471,0,0,2,0,34,2,0,367.428820665,3.2786885245899997,0.115384614896,5078.101170100001,1229519.80599,1,8.22214524e-05,0.040269920953037996
434,435,434,2001,1,5,0,0,15,4,1,3801.89343036,8.19672131148,0.288461537241,3997.93711586,998277.01784,1,6.6722736967e-05,0.032899806744402
435,436,435,308,0,6,0,0,16,6,0,3561.33470963,9.83606557377,0.346153844689,3089.0951143,548784.126286,1,3.6699151176e-05,0.025188811835946
436,437,436,1562,0,1,0,0,31,1,0,3224.05536523,1.6393442622999999,0.057692307448199996,5316.97735796,1491332.74921,1,9.959102398899998e-05,0.045421264264076
437,438,437,2002,0,1,4,0,9,4,0,4309.65195664,6.557377049179999,0.230769229793,2924.72113912,474506.55183,1,3.1715014823e-05,0.023260555048487997
438,439,438,1565,0,1,0,0,20,1,0,1201.49274839,1.6393442622999999,0.057692307448199996,3704.4031045999996,600029.13963,1,4.0071686668000004e-05,0.030430128633521
439,440,439,2004,0,3,6,0,7,9,0,4169.53775665,14.754098360699999,0.5192307670340001,2981.38104134,501797.22435,1,3.3539060272e-05,0.023767590465707998
440,441,440,1566,0,2,0,0,26,2,0,2733.01359286,3.2786885245899997,0.115384614896,4168.34606212,841405.818584,1,5.619128187899999e-05,0.034914074294637
441,442,441,311,0,1,3,0,53,4,0,5694.58333819,6.557377049179999,0.230769229793,5302.94279637,1393623.82981,1,9.320282996200001e-05,0.045137882887775004
442,443,442,312,0,2,1,0,20,3,0,5488.57726652,4.9180327868900005,0.173076922345,3687.80985901,777025.368121,1,5.1965882371000005e-05,0.030314325749245
443,444,443,1567,0,2,1,0,20,3,0,1472.44946307,4.9180327868900005,0.173076922345,3487.42103315,461246.61221000005,1,3.0803815482e-05,0.027462254913717996
444,445,444,313,0,3,0,1,20,4,0,1744.73294233,6.557377049179999,0.230769229793,2378.28529007,318867.32368000003,1,2.1324140241e-05,0.019600615454122
445,446,445,2005,0,3,3,0,8,4,0,5812.62593863,6.557377049179999,0.230769229793,2867.78732749,446115.38230399997,1,2.9817397563999997e-05,0.022746085389380003
446,447,446,1569,0,0,1,0,54,1,0,2471.05580682,1.6393442622999999,0.057692307448199996,6152.08027737,2212212.5123099997,1,0.00014774060172400002,0.050859864421702
447,448,447,314,0,6,0,1,34,7,0,5908.06120608,11.475409836099999,0.40384615213799996,4258.61624149,1054550.21737,1,7.052305054699999e-05,0.03573436778173
448,449,448,156,0,0,1,0,4,1,0,1462.34738765,1.6393442622999999,0.057692307448199996,1041.24055741,66912.9171747,1,4.474234554e-06,0.008592201827097
449,450,449,1232,0,4,0,0,32,4,0,4154.51094452,6.557377049179999,0.230769229793,5452.10618292,1083791.4691299999,1,7.2517486322e-05,0.047486854125636
450,451,450,315,0,2,1,2,16,5,0,3404.40702084,8.19672131148,0.288461537241,3584.32817346,807440.12093,1,5.399684149399999e-05,0.029664530100122002
451,452,451,316,0,2,0,0,8,2,0,3684.3609243,3.2786885245899997,0.115384614896,3127.96198107,575990.172978,1,3.8518390019000006e-05,0.026271095085076
452,453,452,317,0,5,2,0,9,7,0,3907.37459566,11.475409836099999,0.40384615213799996,3085.76011491,555471.91759,1,3.7146286590999996e-05,0.025957621795049998
453,454,453,2011,0,1,1,0,29,1,0,4786.85143911,1.6393442622999999,0.057692307448199996,4823.29773102,1331377.7589,1,8.8994251506e-05,0.040400115670557
454,455,454,1583,0,3,0,0,45,3,0,3971.43205356,4.9180327868900005,0.173076922345,6136.19309048,1783108.05198,1,0.00011908739499,0.051369220290199004
455,456,455,1585,0,1,1,0,27,2,0,4796.64987096,3.2786885245899997,0.115384614896,5481.85777047,1045026.06295,1,6.9795327354e-05,0.04553849847058
456,457,456,319,0,3,0,0,21,3,0,3072.96079738,4.9180327868900005,0.173076922345,3281.21776779,513927.681722,1,3.436940679300001e-05,0.026314466019122996
457,458,457,321,1,1,1,0,29,1,1,2000.45328872,3.2786885245899997,0.115384614896,6110.18075485,1359074.19315,1,9.0897701914e-05,0.053257908495071
458,459,458,325,0,4,4,2,8,8,0,3097.72834283,13.114754098399999,0.461538459586,2763.4040888,446859.35208999994,1,2.9884483261999998e-05,0.023011084123266003
459,460,459,326,0,9,12,0,18,16,0,4157.45284414,26.2295081967,0.923076919172,3875.17317923,704127.72794,1,4.708960096e-05,0.033319596902311996
460,461,460,615,0,1,0,0,73,1,0,1674.42116327,1.6393442622999999,0.057692307448199996,15914.771588299998,6391877.32941,1,0.000426983429885,0.13097426892264
461,462,461,1588,0,2,0,0,15,2,0,366.45111730699995,3.2786885245899997,0.115384614896,5484.76266653,674107.45912,1,4.502579191100001e-05,0.043301554551857004
462,463,462,327,0,3,0,0,8,3,0,3725.18005075,4.9180327868900005,0.173076922345,2139.37180427,294875.33067199995,1,1.9720337231e-05,0.017535588950014
463,464,463,1233,2,4,9,0,45,9,2,2318.07602632,18.0327868852,0.63461538193,4491.64016145,1135553.67973,1,7.5981841406e-05,0.037935156273974
464,465,464,328,0,4,0,0,18,4,0,5152.84821845,6.557377049179999,0.230769229793,3543.69679961,711460.937947,1,4.758241478399999e-05,0.028595115993204
465,466,465,2013,0,1,0,0,8,1,0,3391.44957982,1.6393442622999999,0.057692307448199996,2764.16152765,395290.400289,1,2.6422639926999996e-05,0.021815008086720003
466,467,466,473,1,5,1,0,31,5,1,3543.16249087,9.83606557377,0.346153844689,3985.69238759,771408.36918,1,5.1585553604e-05,0.031582033928888
467,468,467,331,0,5,0,0,28,5,0,3435.71191451,8.19672131148,0.288461537241,4230.84906783,918621.0734299999,1,6.1436084399e-05,0.034927417004894996
468,469,468,1591,0,2,0,0,99,2,0,3044.65294899,3.2786885245899997,0.115384614896,15227.1612438,7767186.86581,1,0.000518818786137,0.12475661349180801
469,470,469,477,0,4,3,1,54,7,0,3839.02904263,11.475409836099999,0.40384615213799996,4141.71397496,1078965.54978,1,7.2156309927e-05,0.034092895112047
470,471,470,2014,0,2,0,0,16,2,0,3812.03114365,3.2786885245899997,0.115384614896,3093.06375894,556416.01596,1,3.719284973e-05,0.024771949683593995
471,472,471,1235,0,2,5,0,17,6,0,3867.64311291,9.83606557377,0.346153844689,3523.5859011,767669.09032,1,5.1366072118000003e-05,0.029228677601141003
472,473,472,332,0,1,0,0,25,1,0,2848.55707635,1.6393442622999999,0.057692307448199996,3382.66414132,656790.729819,1,4.392543117600001e-05,0.02687774758717
473,474,473,478,0,5,1,0,62,6,0,4476.05145261,9.83606557377,0.346153844689,4256.70525816,1125636.0571899998,1,7.528063366e-05,0.035190962516945
474,475,474,333,2,2,1,0,32,3,2,2975.28361133,8.19672131148,0.288461537241,3778.91151396,775625.26048,1,5.1873003447e-05,0.029988749785166
475,476,475,622,0,1,0,0,144,1,0,4480.22899113,1.6393442622999999,0.057692307448199996,14884.505114500002,8840578.98285,1,0.00059064332971,0.122941457608335
476,477,476,334,0,6,3,1,30,9,0,3138.83017762,14.754098360699999,0.5192307670340001,4131.86642082,948658.6047,1,6.344610395599999e-05,0.032908602524154
477,478,477,479,1,5,1,0,39,5,1,2719.32229293,9.83606557377,0.346153844689,3573.82734341,762276.453924,1,5.0981887772999996e-05,0.028934479364726002
478,479,478,2015,0,2,0,0,16,2,0,6967.74207159,3.2786885245899997,0.115384614896,2892.78087311,462141.6006,1,3.0890516755e-05,0.024516478718597
479,480,479,483,0,0,1,0,4,1,0,17.641276788699997,1.6393442622999999,0.057692307448199996,1154.81438242,73729.0322673,1,4.930752408e-06,0.009234505135816
480,481,480,644,0,4,0,0,11,4,0,5975.69138643,6.557377049179999,0.230769229793,3142.3954331,523458.833196,1,3.498012772999999e-05,0.026747419143782997
481,482,481,1259,3,11,12,7,62,24,3,6321.29765136,44.262295082,1.5576923011000001,4917.41097843,1451201.00292,2,9.711963821200002e-05,0.041161650903118
482,483,482,2036,0,3,1,0,6,4,0,3631.31892728,6.557377049179999,0.230769229793,1924.98855466,227787.062675,1,1.5228421125e-05,0.015618998909668001
483,484,483,645,1,3,1,0,41,4,1,6558.24009223,8.19672131148,0.288461537241,5224.12757746,1067778.28061,1,7.1350619605e-05,0.041243778328986
484,485,484,1663,0,9,0,0,37,9,0,4779.66851292,14.754098360699999,0.5192307670340001,7600.34659864,3316454.06223,1,0.00022124697045400004,0.06345800321400401
485,486,485,1343,0,2,2,0,23,3,0,5560.16655631,4.9180327868900005,0.173076922345,4133.73963673,794374.1886229999,1,5.313702770800001e-05,0.034695079329879995
486,487,486,2103,1,5,1,0,69,6,1,3568.9812996,11.475409836099999,0.40384615213799996,8629.61197834,3088472.03873,1,0.000206070202955,0.07105487445967701
487,488,487,732,0,1,1,0,18,2,0,2707.6114485,3.2786885245899997,0.115384614896,3760.90695687,863506.4282600001,1,5.7724030470999996e-05,0.031249901013047997
488,489,488,1664,2,4,5,0,8,6,2,481.44865694099997,13.114754098399999,0.461538459586,9250.86447103,4561264.60611,1,0.000304277135011,0.075840779457375
489,490,489,1779,0,5,3,0,31,8,0,2536.73577863,13.114754098399999,0.461538459586,6658.97374193,1693975.7664,1,0.000113006069047,0.053744127137906
490,491,490,1781,0,8,2,0,40,10,0,5831.83210473,16.393442623,0.576923074482,7965.52699404,3228718.35836,1,0.00021540900190599997,0.06701171712597499
491,492,491,1782,0,1,2,0,29,2,0,1026.56621806,3.2786885245899997,0.115384614896,5521.3298599,1531248.88252,1,0.00010216197175900001,0.046996910846276
492,493,492,1787,0,5,0,0,27,5,0,3585.17818522,8.19672131148,0.288461537241,7497.37210088,1495292.70185,1,9.975595155600002e-05,0.05826680471864
493,494,493,758,0,6,0,0,24,6,0,5066.27209298,9.83606557377,0.346153844689,4320.56727763,1146935.88895,1,7.668397126700001e-05,0.035869818022036
494,495,494,759,0,4,0,0,7,4,0,4753.31685983,6.557377049179999,0.230769229793,3291.39405587,546348.635091,1,3.6529832069e-05,0.027714089477892
495,496,495,762,0,4,1,0,32,4,0,4087.63775193,6.557377049179999,0.230769229793,4316.05574527,1137863.9357399999,1,7.608082542899999e-05,0.035156469176546
496,497,496,763,0,1,0,0,24,1,0,3123.0287860999997,1.6393442622999999,0.057692307448199996,3888.08847179,892463.78134,1,5.9673602965e-05,0.031807702739325004
497,498,497,764,0,2,1,0,26,2,0,2948.6755789999997,3.2786885245899997,0.115384614896,3516.78124293,603454.635876,1,4.0349525037e-05,0.029812228088702996
498,499,498,765,0,10,9,0,36,16,0,4581.37465205,26.2295081967,0.923076919172,5515.29991532,1360792.8237,1,9.098494677799999e-05,0.046736848184707
499,500,499,766,0,1,3,0,6,4,0,617.437106899,6.557377049179999,0.230769229793,2199.4509691,261147.221748,1,1.7461370834e-05,0.018690648740946
