,OPDNUM,the_geom,OPDNAME
0,500,"MULTIPOLYGON (((-118.59890787842103 34.21547981813268, -118.59888559307478 34.21237258372133, -118.5976462430499 34.2123787119608, -118.59763926895826 34.211404253854, -118.59876795040114 34.211398673355895, -118.5987624134399 34.21062646111833, -118.5976780038957 34.210631822922856, -118.5976267686338 34.20965758345718, -118.59893247022717 34.20965112676949, -118.59892798678236 34.20902600296979, -118.59983533189971 34.20902150785391, -118.59987072736813 34.21394895601971, -118.60064533629665 34.21394511311317, -118.60065141990293 34.214790869019545, -118.5999653315392 34.2147942730184, -118.59997021937545 34.21547455504835, -118.59890787842103 34.21547981813268)), ((-118.5955959332887 34.21659936542462, -118.59558596656575 34.21520203002616, -118.59514332657105 34.21520420806902, -118.59515785846453 34.2141377107792, -118.59677347462008 34.21412975289288, -118.59679765297126 34.21751277728569, -118.59513770624179 34.21752095322317, -118.59513115411326 34.21660165236243, -118.5955959332887 34.21659936542462)))",ALABAMA
1,501,"MULTIPOLYGON (((-118.36135206848677 34.15619174554869, -118.3576101752082 34.156190224794386, -118.35761591156192 34.15753060793229, -118.35664246321838 34.15754612807137, -118.35662022892376 34.15233633832091, -118.35759372480592 34.15234610882955, -118.35762246426962 34.155507343462425, -118.36136421760195 34.1554835733718, -118.36135206848677 34.15619174554869)))",OPD 501
2,502,"MULTIPOLYGON (((-118.40789656555758 34.03321707119359, -118.40730293366309 34.03335823787458, -118.40728375869831 34.033234602209944, -118.40706293372389 34.033262979854904, -118.40709373364611 34.03342528010341, -118.40644966234072 34.03357758881731, -118.4063186808624 34.03337701651738, -118.40607634089952 34.03319228178306, -118.40589039446675 34.03314651953984, -118.40528267976362 34.03421547395012, -118.40498544567842 34.03420100913631, -118.4047997219854 34.034201631974796, -118.40461414781228 34.03423317933792, -118.40394651122132 34.034436427187565, -118.40390636944642 34.03444503950745, -118.4038659832268 34.034452815106874, -118.40382537745195 34.03445975029614, -118.40378457484569 34.03446584139295, -118.4037436035374 34.0344710828938, -118.40370248842532 34.03447547291223, -118.40366125439914 34.03447900775872, -118.40361992635702 34.034481685546844, -118.4035785324503 34.03448350528089, -118.40353709541156 34.034484465081775, -118.40349564339634 34.034484564855354, -118.40345420131177 34.03448380451834, -118.40341279514769 34.034482183983954, -118.40337144981541 34.03447970407049, -118.4033301913179 34.03447636739583, -118.4032890467366 34.0344721756726, -118.40324803882143 34.03446713062805, -118.40320719574962 34.03446123667588, -118.40316654244116 34.03445449643761, -118.4031115698874 34.03460930564215, -118.40255372445168 34.03447200435214, -118.40188600669573 34.03465977885423, -118.4016620975618 34.034444048607604, -118.4015311886476 34.03434337344352, -118.40276200879099 34.03130357669401, -118.40297165214258 34.03121542928234, -118.40428093684376 34.030616068777185, -118.40517402103858 34.03095324960922, -118.4052850018543 34.03086010208388, -118.40578405055675 34.031134064258836, -118.40573237098884 34.03119877513265, -118.40820912524815 34.03256658953043, -118.40789656555758 34.03321707119359)))",OPD 502
3,503,"MULTIPOLYGON (((-118.44853862689243 34.16420591983798, -118.44487748356258 34.16421693761775, -118.44488213078911 34.165089740307984, -118.43967333538977 34.165115267300564, -118.4396422814378 34.15921352828847, -118.44486708590499 34.15919635555423, -118.44487754630529 34.16116107742494, -118.44433209890492 34.161163082997334, -118.44433292522945 34.16131847375724, -118.44422388196 34.16131887440668, -118.44422828798963 34.16214762423479, -118.44852750237553 34.16213358809642, -118.44853862689243 34.16420591983798)))",OPD 503
4,504,"MULTIPOLYGON (((-118.40524395253487 34.193940571674695, -118.40265601468428 34.1939492138278, -118.40241503287814 34.19215905037568, -118.40238063769259 34.1909897800449, -118.4049010244963 34.190981369615216, -118.40489724174137 34.190401994495474, -118.40522502409637 34.19039799118557, -118.40524395253487 34.193940571674695)))",OPD 504
5,505,"MULTIPOLYGON (((-118.43209765777527 34.0247344285255, -118.43141116103082 34.02508290342828, -118.42781649854079 34.02052174765316, -118.42854193063512 34.02017315408534, -118.43209765777527 34.0247344285255)))",OPD 505
6,506,"MULTIPOLYGON (((-118.41989570795457 34.01166055022797, -118.42009014821916 34.01155117580734, -118.42044645195173 34.01199787818236, -118.42284986814379 34.01062580789785, -118.42248676253814 34.01018197176076, -118.42284986430136 34.009951059018555, -118.42322668851564 34.01041469140787, -118.42359349403571 34.01024329978508, -118.42366147912708 34.01022321572409, -118.42372610372036 34.01021164848617, -118.42385199240128 34.010197030771444, -118.42382783113791 34.01013190861942, -118.42382704523212 34.010127425349914, -118.42382636211316 34.01012293090102, -118.42382578286362 34.01011842526904, -118.4238253064192 34.010113912063794, -118.42382493386688 34.01010939218298, -118.4238246641288 34.010104866531975, -118.42382449938357 34.01010033780771, -118.42382443855335 34.010095806915466, -118.4238244805692 34.01009127656366, -118.42382462759619 34.01008674674459, -118.42382487857002 34.01008222106827, -118.42382523240812 34.010077699538385, -118.42382569020674 34.0100731848557, -118.42382625197499 34.010068678823274, -118.42382691663025 34.01006418144489, -118.42382768527337 34.01005969632287, -118.42382855573928 34.01005522346469, -118.42382952912415 34.01005076557122, -118.4238306043545 34.010046324449235, -118.42383178143497 34.01004190100033, -118.42383305928749 34.01003749612966, -118.42383443793037 34.01003311344345, -118.42383591736815 34.010028753843145, -118.4238374965182 34.010024417332474, -118.42383917539888 34.01002010751765, -118.42384095184958 34.01001582530767, -118.4238428269574 34.010011571600316, -118.42384479857095 34.01000734910768, -118.42384686669483 34.01000315873134, -118.4238490313335 34.00999900137275, -118.42385129033559 34.00999487974409, -118.42385364478827 34.00999079474303, -118.42385609145293 34.00998674818408, -118.42385863033422 34.00998274096866, -118.42386126035865 34.00997877490367, -118.42386398153079 34.009974850890586, -118.4238667927818 34.00997097163779, -118.42386969195115 34.00996713805436, -118.4238726779609 34.00996335104562, -118.42387575081551 34.00995961151307, -118.42387890944619 34.0099559221651, -118.42388215169241 34.00995228391076, -118.42388547647619 34.00994869765538, -118.42388888380668 34.009945165202055, -118.42389237044078 34.009941687463616, -118.42389593638312 34.009938265341596, -118.42389958164271 34.00993490063906, -118.42390330189865 34.009931595174194, -118.42390709823337 34.009928348943205, -118.42391096741302 34.009925164662064, -118.42391490943298 34.009922041429206, -118.42391892214188 34.0099189819568, -118.42392300446183 34.00991598715018, -118.42392715531476 34.00991305791461, -118.42393137145304 34.00991019426155, -118.42393565397299 34.009907398891706, -118.42393999854896 34.009904672721795, -118.42394440517643 34.00990201485028, -118.42394887279112 34.00989942888714, -118.42395339814085 34.00989691394208, -118.42395798123017 34.009894470916656, -118.42396261882514 34.00989210252692, -118.42396730983415 34.00988980697353, -118.42397205211044 34.00988758787026, -118.42397684564476 34.009885443413985, -118.42398168720331 34.00988337632066, -118.42398657462093 34.00988138659792, -118.42399150681516 34.00987947424952, -118.42399648271719 34.00987764198384, -118.42400149907014 34.00987588800927, -118.4240065558879 34.00987421503028, -118.42401164883566 34.00987262216066, -118.42401677792253 34.00987111120337, -118.42402194098354 34.00986968216603, -118.42402713585355 34.00986833505622, -118.42403236037215 34.00986707078312, -118.42403761346132 34.009865890251945, -118.42404289187341 34.00986479347423, -118.42404819452598 34.00986378045368, -118.42405352034558 34.009862852997145, -118.42405886607557 34.009862009313046, -118.42406422955986 34.009861251211944, -118.42406960971608 34.00986057869768, -118.4240750054616 34.009859991774064, -118.42408041247094 34.00985949135783, -118.42408582965695 34.00985907655126, -118.4240912570242 34.00985874825584, -118.42409668916008 34.00985850649061, -118.4241021271425 34.00985835035023, -118.42410756665053 34.009858281652996, -118.42411300767952 34.00985829949733, -118.42411844698199 34.009858403894704, -118.42412388238824 34.00985859395117, -118.42412931282487 34.00985887147353, -118.4241347361177 34.00985923466645, -118.42414015010628 34.009859684438986, -118.42414555262553 34.00986022079878, -118.42415094150118 34.0098608419504, -118.4241563156599 34.00986154970071, -118.42416167184494 34.00986234225798, -118.4241670100564 34.00986321962238, -118.42417232596854 34.00986418271055, -118.42417761956783 34.00986522881793, -118.42418288869827 34.00986635975517, -118.42418813010764 34.00986757463223, -118.42419334270893 34.00986887255137, -118.42419852433248 34.00987025261867, -118.42420367390035 34.00987171573944, -118.42420878815575 34.00987326012211, -118.42421386709879 34.00987488576666, -118.42421890747714 34.00987659178297, -118.4242239071213 34.00987837727716, -118.42422886603123 34.00988024224924, -118.42423378095474 34.00988218580911, -118.42423864972226 34.009884207062896, -118.42424347125115 34.009886306014366, -118.42424824444986 34.00988848086432, -118.42425296607065 34.00989073162414, -118.42425763610451 34.00989305649084, -118.42426225130383 34.0098954554758, -118.4242668105814 34.0098979276814, -118.4242713128502 34.00990047220982, -118.424275755936 34.00990308726575, -118.42428013767375 34.009905772856705, -118.4242844569717 34.00990852718355, -118.42428871274743 34.00991135025005, -118.42429290282662 34.00991424026081, -118.4242970261268 34.0099171972196, -118.4243010804691 34.00992021842959, -118.4243050647711 34.009923303894425, -118.4243089768585 34.00992645181887, -118.42431281673136 34.00992966220281, -118.4243165822108 34.00993293234934, -118.42432027221442 34.00993626226228, -118.42432388456783 34.00993965014622, -118.42432741926197 34.00994309419811, -118.42433087413181 34.00994659442563, -118.42433424808557 34.0099501490295, -118.4243375389537 34.009953757115845, -118.42434074672236 34.00995741598011, -118.42434387139163 34.00996112562229, -118.42434690862677 34.00996488515613, -118.424349859492 34.009968690971725, -118.42435272290935 34.0099725439744, -118.42435549778257 34.00997644146348, -118.42435818194203 34.00998038254499, -118.42436077537856 34.00998436541598, -118.42436327700044 34.009988388277165, -118.4243656857251 34.00999245113234, -118.42436800153892 34.00999655127706, -118.42437022227215 34.01000068781734, -118.42437234791109 34.010004858048624, -118.42437437737321 34.01000906197476, -118.42437630956677 34.01001329779654, -118.42437814447808 34.01001756280941, -118.4243798821071 34.01002185701334, -118.42438151919256 34.01002617771519, -118.42438305789032 34.010030523104405, -118.42438449711777 34.010034893184724, -118.42438583469165 34.010039284357696, -118.42438707169445 34.01004369661956, -118.42438820811695 34.01004812816723, -118.42438924178037 34.010052576303806, -118.4243901726802 34.01005704012775, -118.42439100188972 34.01006151783226, -118.42439172832184 34.01006600851957, -118.42439235088031 34.010070509489, -118.42439287064309 34.0100750198352, -118.42439328651845 34.01007953775897, -118.42439359849264 34.010084060555684, -118.42439380656567 34.01008858822539, -118.42439391180639 34.01009311805975, -118.42439391204506 34.010097649164855, -118.42439380835513 34.01010217973387, -118.42439360072282 34.0101067070622, -118.42439329022613 34.01011123024455, -118.4243928746954 34.010115748386994, -118.42436201928467 34.011145183355396, -118.4243666008086 34.011148826571095, -118.42437125346625 34.011152407330805, -118.42437597616586 34.01115592383518, -118.42438076674244 34.01115937609183, -118.42438562518682 34.01116276229779, -118.42439054932923 34.01116608155904, -118.42439553700464 34.01116933388331, -118.42440058928636 34.01117251746363, -118.42440570292685 34.0111756323115, -118.42441087683433 34.011178676627665, -118.42441610992624 34.01118165041586, -118.42442140003288 34.011184552782225, -118.4244267471451 34.011187381923726, -118.42443214909781 34.011190137847976, -118.42443760480843 34.01119282055872, -118.42444311210275 34.011195428260606, -118.42444866881097 34.011197960059626, -118.4244542760203 34.0112004168536, -118.42445993047379 34.01120279685082, -118.42446562999731 34.01120509825587, -118.42447137459995 34.01120732287179, -118.42447716210745 34.01120946890321, -118.42448299143257 34.011211535452325, -118.42448886041034 34.0112135225268, -118.42449476687095 34.01121542923267, -118.42450071081439 34.01121725556998, -118.42450668898846 34.011219000648595, -118.42451270138857 34.011220663567045, -118.42451874585412 34.01122224523439, -118.42452481912825 34.0112237438591, -118.42453092229356 34.01122515943723, -118.4245370521024 34.01122649198036, -118.42454320746755 34.01122774059066, -118.42454938622389 34.0112289052758, -118.42455558728888 34.01122998603951, -118.4245618084928 34.011230981987985, -118.42456804874843 34.01123189222344, -118.42457430589991 34.01123271855654, -118.42458057777291 34.01123345919189, -118.42458686436738 34.011234114129444, -118.42459316243566 34.01123468338064, -118.42459947089519 34.01123516694936, -118.42460578865875 34.011235563937745, -118.42461211248326 34.01123587525887, -118.42461844236875 34.01123610091264, -118.4246247750629 34.01123624000902, -118.4246311094832 34.0112362925518, -118.42463744455154 34.0112362594463, -118.42464377809371 34.011236138897125, -118.42465010903629 34.01123593271105, -118.42465643413158 34.01123564089963, -118.42466275337492 34.0112352625612, -118.42466906351869 34.0112347977073, -118.42467536456748 34.011234247239415, -118.42468165327806 34.01123361207048, -118.42468792964138 34.01123289039744, -118.4246941904142 34.01123208313328, -118.42470043343613 34.01123119118715, -118.42470665978496 34.011230213653654, -118.42471286513968 34.01122915235111, -118.42471904949569 34.01122800637803, -118.42472520960533 34.01122677574581, -118.42473134547765 34.011225462257556, -118.4247374538605 34.01122406502304, -118.42474353475376 34.01122258404242, -118.4247495860015 34.011221021126254, -118.42475560543855 34.011219376282185, -118.42476159089986 34.01121764951789, -118.4247675423899 34.01121584173484, -118.42477345773901 34.01121395203913, -118.42477933479582 34.01121198314297, -118.42478517355568 34.011209934144865, -118.42479096969294 34.011207805961526, -118.42479672429015 34.01120559858917, -118.4248024341088 34.011203313842294, -118.42480809914429 34.011200950819315, -118.42481371616262 34.01119851223632, -118.42481928515471 34.01119599629024, -118.4248248039691 34.01119340569322, -118.42483027043606 34.011190739551424, -118.42483568456481 34.011187999667825, -118.42484104310766 34.01118518605392, -118.4248463471563 34.01118230050891, -118.42485159237592 34.011179342146576, -118.4248567798628 34.01117631366761, -118.42486190744717 34.01117321417812, -118.42486697189517 34.01117004639413, -118.42487197536732 34.01116680940654, -118.42487691353794 34.011163504132, -118.42488178641625 34.01116013237372, -118.42488659184158 34.01115669504067, -118.4248913298186 34.011153193034524, -118.4248959981822 34.01114962636283, -118.42490059585889 34.01114599683246, -118.42490512068827 34.01114230535255, -118.42490957375273 34.01113855191934, -118.42491395181845 34.01113473924875, -118.42491825488082 34.01113086643934, -118.42492248078847 34.011126936203254, -118.42492662954595 34.01112294944203, -118.42493069898819 34.011118906163325, -118.42493468912434 34.01111480817013, -118.42493859779381 34.01111065637163, -118.42494242391871 34.01110645167311, -118.42494616750358 34.01110219497618, -118.42494982747962 34.0110978889891, -118.4249534016771 34.011093532818094, -118.42495689010981 34.011089129167644, -118.42496029169516 34.011084678041605, -118.4249636053598 34.01108018124684, -118.42496683003031 34.01107564059015, -118.4249699646242 34.01107105607538, -118.42497300915058 34.01106642950566, -118.42497596253145 34.01106176178618, -118.424978824776 34.01105705472006, -118.42498159264578 34.01105231012173, -118.4249842683013 34.01104752708215, -118.4249868485132 34.01104270921873, -118.42498933436414 34.01103785652769, -118.4249917247806 34.01103297081593, -118.42499401868467 34.01102805298872, -118.42499621500296 34.01102310485295, -118.42499831482262 34.01101812730634, -118.42500031598323 34.011013121257996, -118.42500221958092 34.01100808940868, -118.42500402345065 34.01100303176603, -118.4251443660761 34.01131273439434, -118.42519629422542 34.011470690338506, -118.42518963224454 34.0114758471372, -118.42518289956669 34.011480939274136, -118.42517609727457 34.01148596674553, -118.42516922535887 34.01149092774834, -118.42516228490679 34.01149582318019, -118.4251552769917 34.01150065123434, -118.42514820269623 34.01150541190687, -118.42514106309841 34.01151010429243, -118.42513385927607 34.011514727485746, -118.42512659122477 34.0115192805852, -118.42511926003162 34.0115237644886, -118.42511186784796 34.01152817648366, -118.4251044157656 34.011532518369634, -118.42509690268824 34.01153678744576, -118.42508933186808 34.01154098460213, -118.42508170330065 34.01154510893721, -118.4250740180593 34.01154915864408, -118.42506627614867 34.0115531346243, -118.42505848081636 34.01155703686645, -118.42505063204875 34.01156086266592, -118.425042729855 34.01156461382574, -118.42503477638645 34.01156828763377, -118.42502677273492 34.01157188588915, -118.42501871996916 34.01157540588354, -118.42501061918091 34.01157884941616, -118.42500247035656 34.011582213782454, -118.42499427566572 34.01158549987624, -118.42498603619104 34.011588707693804, -118.42497775300589 34.011591835428206, -118.42496942719289 34.01159488307569, -118.42496105875657 34.0115978515377, -118.424952650931 34.01160073809833, -118.42494420264273 34.0116035445643, -118.42493571713032 34.01160626912124, -118.42492719331584 34.01160891267437, -118.42491863335523 34.01161147341315, -118.42491003941826 34.01161395223133, -118.42490141149578 34.01161634732596, -118.42489275067948 34.01161866049621, -118.42488405804288 34.01162088993532, -118.42487533574646 34.01162303473403, -118.42486658379951 34.01162509669538, -118.42485780435794 34.011627074008764, -118.42484899742175 34.01162896667416, -118.42484016515621 34.011630774683944, -118.42483130864379 34.01163249803429, -118.42482242896251 34.01163413581985, -118.42481352611249 34.01163568804064, -118.42480460334136 34.01163715468521, -118.42479566064912 34.011638535753576, -118.42478669911392 34.01163983034039, -118.42477772090076 34.011641038438015, -118.42476872601429 34.01164216094802, -118.42475971661517 34.0116431969612, -118.42475069269878 34.01164414557608, -118.4247416564348 34.011645007686525, -118.42473260890586 34.011645783288714, -118.42472355119004 34.0116464714774, -118.42471448545243 34.01164707224483, -118.42470541061506 34.01164758649644, -118.42469632992112 34.01164801331927, -118.42468724445311 34.0116483527094, -118.42467815421115 34.01164860466697, -118.42466906136036 34.01164876918428, -118.42465996590079 34.011648846261366, -118.42465087108015 34.011648835886795, -118.4246417768984 34.01164873806055, -118.42463268444281 34.01164855368034, -118.42462359478674 34.011648280939305, -118.42461451010456 34.01164792163293, -118.42460543038707 34.01164747395816, -118.42459635780861 34.011646939710396, -118.42458729345181 34.01164631888577, -118.42457823839462 34.01164561057908, -118.42456919371965 34.011644814786436, -118.4245601605141 34.011643932405576, -118.42455113986054 34.0116429634327, -118.42454213391956 34.011641906958666, -118.4245331427003 34.011640764786534, -118.42452416836791 34.01163953690864, -118.42451521091328 34.01163822152204, -118.42450627251074 34.01163682042208, -118.4244973542474 34.01163533450653, -118.4244884571968 34.01163376196847, -118.42447958245053 34.01163210460725, -118.42447073108671 34.01163036151743, -118.42446190527502 34.011628533592976, -118.4244531050155 34.01162662083393, -118.42444433139529 34.01162462413796, -118.42443558657955 34.01162254349746, -118.42442687056379 34.011620378010925, -118.4244181855222 34.0116181294738, -118.42440953253285 34.011615796980735, -118.42440091160485 34.01161338233482, -118.42440055506385 34.01162590678747, -118.42440030137992 34.011638433583144, -118.424400151631 34.011650961816386, -118.42440010580806 34.01166348968428, -118.4244001639157 34.011676018088224, -118.42440032594936 34.01168854612678, -118.42440059081744 34.01170107200074, -118.42440096068957 34.011713596603926, -118.42440143339627 34.0117261190425, -118.424402011098 34.011738638407316, -118.4244026916252 34.011751153804475, -118.42440347497784 34.011763665233914, -118.4244043633166 34.01177617178658, -118.42440535447636 34.01178867347004, -118.42440644953054 34.01180116847747, -118.42440764847929 34.01181365680884, -118.42440895024002 34.01182613846797, -118.4244103548082 34.011838612553355, -118.42441186433992 34.01185107725435, -118.42441347559208 34.01186353348385, -118.42441519072521 34.011875980332746, -118.42441700865231 34.01188841690331, -118.42441892937343 34.01190084319552, -118.42442095396196 34.01191325740259, -118.42442308025744 34.011925660433576, -118.4244253104159 34.011938050477895, -118.42442764227225 34.01195042754312, -118.42443007690453 34.011962790723885, -118.42443261322565 34.0119751391225, -118.42443525232272 34.0119874736367, -118.42443799418675 34.01199979246342, -118.42444083664803 34.012012094708716, -118.42444378187633 34.012024381266556, -118.4244468287754 34.01203664943612, -118.42444997735441 34.01204890102046, -118.4244532275997 34.01206113331504, -118.42445657843327 34.01207334722513, -118.42446003092869 34.01208554094395, -118.42446358400791 34.01209771537676, -118.42446723766189 34.01210986872052, -118.4244709918861 34.012122000073674, -118.42447484668506 34.0121341103378, -118.42447880205431 34.012146198611326, -118.42448285798481 34.01215826309122, -118.42448701231135 34.01217030378511, -118.42449126719919 34.01218232068531, -118.42449562156571 34.01219431379567, -118.42450007539729 34.01220628041163, -118.424504627616 34.01221822143843, -118.42450927821723 34.01223013597467, -118.4245140282837 34.01224202401642, -118.42451887672361 34.01225388376445, -118.42452382353704 34.01226571521882, -118.42452886764148 34.012277518383264, -118.424534010115 34.01228929235247, -118.42453924879239 34.01230103713401, -118.42454458582978 34.01231275091728, -118.42455001906198 34.01232443370981, -118.42455554956707 34.01233608460632, -118.42456117626251 34.012347703610594, -118.42456689806576 34.01235929072638, -118.42457271713286 34.0123708441431, -118.42457863129869 34.012382363868284, -118.4245846405587 34.01239384900039, -118.42459074491751 34.012405300440975, -118.42459694436144 34.01241671548548, -118.42460323781249 34.01242809503914, -118.42460962526617 34.012439438200516, -118.42461610671785 34.012450744067976, -118.42462268216764 34.0124620126416, -118.42462935052838 34.01247324302361, -118.4246361118001 34.01248443521399, -118.42464296489575 34.01249558831504, -118.42464991089321 34.01250670142142, -118.42465694871011 34.01251777453688, -118.42466407834182 34.01252880675994, -118.42467129870573 34.012539798094366, -118.42467861087992 34.012550747634776, -118.42468601269476 34.01256165448734, -118.42469350523272 34.01257251864819, -118.42470108741138 34.012583340121076, -118.42470875813893 34.01259411710687, -118.4247165195806 34.012604849597786, -118.42472436848868 34.01261553760533, -118.42473230594118 34.01262618022416, -118.42474033193814 34.01263677745422, -118.42474844538782 34.01264732749631, -118.42475664629484 34.0126578312519, -118.42476493357206 34.0126682878232, -118.42477330721493 34.01267869630883, -118.42478176721895 34.0126890558071, -118.42479031250596 34.01269936722341, -118.42479894306705 34.01270962875473, -118.42480765890666 34.01271984130246, -118.42481645893317 34.012730003067446, -118.42482534314192 34.012740113148084, -118.42483431045957 34.01275017335126, -118.42484336087239 34.01276018097236, -118.42485249438501 34.0127701369129, -118.42486170990564 34.01278003937363, -118.42487100743891 34.01278988925604, -118.42488038589308 34.01279968476096, -118.42488984527273 34.012809426789744, -118.42489938557333 34.012819114440994, -118.42490900570775 34.012828746816915, -118.4249187056759 34.01283832391754, -118.42492848438619 34.01284784394357, -118.42493834184765 34.01285730869801, -118.42494827805126 34.01286671637787, -118.42495829083177 34.012876066990685, -118.42496838234982 34.012885359627354, -118.42497854935306 34.01289459339779, -118.42498879292872 34.012903769199575, -118.42499911198959 34.01291288613509, -118.42500152129396 34.012916827269656, -118.42500383769358 34.01292080749726, -118.42500605901417 34.01292482502247, -118.42500818524655 34.01292887804225, -118.42501021529904 34.01293296475742, -118.42501214916689 34.01293708426641, -118.42501398575855 34.01294123477001, -118.42501572289956 34.01294541447287, -118.4250173616588 34.01294962066658, -118.42501890204085 34.01295385425264, -118.4250203407796 34.0129581116365, -118.42502167895309 34.01296239191278, -118.42502291654748 34.0129666923769, -118.42502405248034 34.01297101303279, -118.42502508673775 34.01297535117575, -118.42502601823267 34.01297970590821, -118.42502684586867 34.01298407452932, -118.42502757072386 34.012988456133854, -118.4250281927889 34.01299284891874, -118.4250287109676 34.01299725018322, -118.4250291252599 34.0130016599273, -118.42502943565198 34.013006075446455, -118.42502964105223 34.01301049494141, -118.42502974253397 34.01301491660539, -118.42502974009263 34.01301933953686, -118.42502963263641 34.013023761936516, -118.42502942231681 34.013028181092324, -118.42502910696398 34.01303259611024, -118.42502868656877 34.01303700518737, -118.42502816328722 34.013041406512954, -118.42502753711017 34.01304579828402, -118.4250268058632 34.01305017870509, -118.42502597278951 34.01305454686322, -118.42502503679736 34.01305890095926, -118.42502399787298 34.01306323828858, -118.4250228560118 34.01306755794969, -118.42502161336978 34.01307185813191, -118.42502026993775 34.01307613703223, -118.42501882570657 34.01308039284761, -118.4250172806716 34.013084624676466, -118.4250156369889 34.01308883070825, -118.42501389356208 34.01309300824211, -118.42501205255633 34.013097157270494, -118.42501011395794 34.01310127508879, -118.42500807884024 34.01310535989019, -118.42500594828122 34.01310941076929, -118.42500372119376 34.013113426828454, -118.4250014008119 34.01311740535173, -118.42499898712639 34.013121344535946, -118.42499648121986 34.01312524437737, -118.42499388307851 34.01312910217139, -118.4249911948584 34.01313291610746, -118.42498841655951 34.01313668618542, -118.42498555033322 34.0131404096932, -118.42498259725757 34.0131440857254, -118.42497955840594 34.013147712475195, -118.42497643377382 34.013151289041076, -118.4249732255217 34.01315481451388, -118.42496993471852 34.01315828618522, -118.42496656244218 34.01316170314981, -118.42496311085338 34.01316506449841, -118.42495958103002 34.01316836932578, -118.42495597295841 34.013171614927316, -118.42495228988632 34.01317480129163, -118.42494853180455 34.01317792661557, -118.42494470087365 34.013180989990104, -118.42494079817172 34.01318399050983, -118.42493682585476 34.01318692636413, -118.42493278500072 34.01318979664759, -118.42492867777024 34.013192600451156, -118.42492450415413 34.01319533597172, -118.42492026740017 34.0131980031979, -118.42491596858179 34.01320060032275, -118.42491160986418 34.01320312733878, -118.42490719123809 34.013205582442815, -118.42490271594227 34.01320796382042, -118.42489818614636 34.01321027236556, -118.42489360184128 34.01321250627508, -118.42488896627016 34.01321466463615, -118.42488428051558 34.01321674744485, -118.42487954673366 34.01321875289052, -118.4248747660023 34.013220680067874, -118.42486994156928 34.013222528965514, -118.42486507451271 34.013224298677954, -118.42486016591052 34.01322598830006, -118.42485521901048 34.013227597820226, -118.4248502348861 34.013229125431685, -118.42484521570702 34.013230572028306, -118.42484016254677 34.01323193580326, -118.42483507973563 34.01323321674128, -118.42482996618656 34.01323441394466, -118.42482482622981 34.01323552739816, -118.42481966094799 34.013236557098004, -118.42481447250172 34.013237502135, -118.42480926305163 34.0132383616, -118.42480403368484 34.01323913639072, -118.42479878655742 34.01323982469655, -118.42479352600428 34.01324042740369, -118.42478825094284 34.013240944515985, -118.42478296461178 34.013241374219014, -118.42477766918536 34.0132417183081, -118.42477236682417 34.013241975874145, -118.4247670596889 34.01324214600807, -118.42475717437394 34.01324405147657, -118.42474731329625 34.0132460398, -118.4247374764603 34.01324811187999, -118.42472766494416 34.013250266811106, -118.42471788091287 34.01325250458583, -118.42470812327936 34.013254824306394, -118.42469839529585 34.013257226862905, -118.42468869695313 34.01325971045237, -118.42467903042562 34.01326227687017, -118.42466939353885 34.0132649243209, -118.4246597906232 34.01326765278939, -118.42465022167868 34.01327046227557, -118.42464068670056 34.01327335187801, -118.42463118785867 34.013276322490576, -118.42462172514382 34.01327937231021, -118.42461230072566 34.01328250223087, -118.4246029135217 34.01328571225631, -118.42459356677041 34.01328900057219, -118.42458426047189 34.01329236717839, -118.42457499571312 34.01329581297276, -118.4245657735676 34.01329933614836, -118.42455659512254 34.01330293760296, -118.42454746037322 34.01330661643506, -118.42453837039766 34.01331037173932, -118.42452932736107 34.01331420350816, -118.42452033125882 34.01331811084001, -118.42451138209545 34.01332209463648, -118.42450248311415 34.01332615398458, -118.42449363322775 34.01333028798668, -118.42448483459678 34.01333449573359, -118.42447608830844 34.01333877812303, -118.42446739327553 34.01334313425738, -118.42445875274123 34.01334756322365, -118.42445016562294 34.01335206502563, -118.42444163408123 34.013356638754296, -118.42443315919864 34.01336128440576, -118.42442473989266 34.0133660019839, -118.4244163794018 34.013370789674234, -118.42440807772617 34.01337564747679, -118.42439983594815 34.013380575387785, -118.42439165298534 34.01338557341101, -118.42438353315427 34.01339063882675, -118.42437547429888 34.01339577344561, -118.42436747857523 34.01340097545701, -118.4243595459833 34.013406244860924, -118.42435167868368 34.01341158074822, -118.42434387667639 34.01341698311894, -118.42433613995226 34.01342245017006, -118.4243284717636 34.0134279827917, -118.42432086994069 34.01343358008995, -118.42431333664406 34.01343924115565, -118.42430587295186 34.01344496508361, -118.42429847994651 34.013450751869975, -118.42429115654097 34.013456600616976, -118.42428390598297 34.01346251131331, -118.42427672718529 34.01346848306126, -118.4242696212215 34.01347451405393, -118.42426258809607 34.01348060519292, -118.4242556310522 34.01348675556528, -118.42424874792019 34.01349296427717, -118.42424194194778 34.01349923131709, -118.42423521204323 34.01350555488591, -118.42451429700522 34.013808687041845, -118.42400423342369 34.01404768949946, -118.423937913065 34.013932358484176, -118.42353724965035 34.01414056325516, -118.42362545057749 34.01424973415386, -118.4231299881972 34.01448868166059, -118.4230563962329 34.014379458296766, -118.42261196731621 34.01459997685841, -118.42270743896252 34.01470304212953, -118.42242332467781 34.014850011231374, -118.41989570795457 34.01166055022797)))",OPD 506
7,507,"MULTIPOLYGON (((-118.25538129369939 34.07986362621967, -118.25459250986829 34.08112573195433, -118.25458792119217 34.0811449000661, -118.2545834550062 34.08116408775326, -118.25457911348013 34.08118329591277, -118.2545748955252 34.08120252274385, -118.25457080113864 34.08122176734506, -118.25456683140676 34.08124103061561, -118.25456298524351 34.08126031165626, -118.25455926481308 34.08127960956096, -118.25455566794588 34.08129892343273, -118.25455219572275 34.08131825236784, -118.25454884814656 34.081337597267705, -118.25454562521458 34.08135695723092, -118.25454252800758 34.08137633135363, -118.25453955435334 34.08139571783738, -118.25453670750778 34.08141511847842, -118.25453398421509 34.08143453148047, -118.25453138663954 34.08145395593747, -118.25452891478126 34.081473391849514, -118.25452656863752 34.08149283831498, -118.25452434712501 34.081512295336225, -118.25452225132176 34.08153176110784, -118.25452028014989 34.08155123743529, -118.25451843576545 34.081570720707774, -118.25451671709051 34.08159021273073, -118.25451512303901 34.0816097126049, -118.25451365577248 34.08162921852269, -118.25451231421022 34.081648731387865, -118.25451109834688 34.0816682493974, -118.25451000818254 34.081687772551305, -118.25450904371729 34.08170730084956, -118.25450820602916 34.08172683248687, -118.25450749295413 34.08174636836931, -118.25450690665365 34.08176590668928, -118.25450644712784 34.08178544744675, -118.25447474076795 34.08294336173093, -118.25447529658292 34.08295581882167, -118.25447572455981 34.08296828068938, -118.25447602252054 34.082980743732485, -118.25447619155405 34.08299320975181, -118.25447623273556 34.08300567604039, -118.25447614389523 34.08301814170139, -118.25447592720003 34.08303060673016, -118.25447558156094 34.08304306932603, -118.25447510697788 34.083055529488874, -118.25447450344805 34.08306798631723, -118.25447377204664 34.083080437104215, -118.2544729116929 34.08309288275366, -118.25447192238391 34.083105322364034, -118.25447080519503 34.08311775322846, -118.25446955904533 34.0831301762507, -118.25446818501558 34.083142590527046, -118.25446668201398 34.08315499335515, -118.25446505221016 34.08316738563194, -118.25446329343167 34.083179765558924, -118.25446140676189 34.08319213313386, -118.25445939219527 34.08320448655364, -118.25445725080982 34.08321682401296, -118.25445498152469 34.08322914641568, -118.25445258542054 34.08324145285782, -118.2544500624892 34.083253740634945, -118.25444741164976 34.083266010650775, -118.25444463506375 34.08327826109773, -118.25444173164479 34.083290491076546, -118.25443870247362 34.08330269968341, -118.254435546464 34.083314886019025, -118.25443226469658 34.08332704917965, -118.25442885825476 34.0833391891629, -118.25442532604957 34.08335130416807, -118.25442166807824 34.08336339329362, -118.25441788650494 34.08337545563341, -118.25441397915979 34.083387490290484, -118.25440994820993 34.08339949726027, -118.25440579364964 34.08341147473969, -118.25440151547622 34.08342342182724, -118.2543971136869 34.08343533762134, -118.25439258936507 34.083447222119716, -118.25438794250522 34.083459073519315, -118.2543831731073 34.08347089182012, -118.25437828116308 34.08348267431753, -118.25437326884219 34.08349442190846, -118.25436813397486 34.083506133695984, -118.25436287872263 34.08351780787241, -118.25435750416887 34.08352944443553, -118.25435200814104 34.0835410415868, -118.25434639280618 34.083552599321564, -118.25434065924499 34.08356411673612, -118.25433480636839 34.083575592029625, -118.25432883417633 34.08358702520206, -118.25432274483316 34.08359841534737, -118.25431653833596 34.08360976156388, -118.25431021468202 34.08362106295018, -118.25430377387127 34.0836323195062, -118.25429721806249 34.083643528522806, -118.25429054617213 34.08365469000222, -118.25428375820009 34.08366580394447, -118.25427685739143 34.08367686853955, -118.25426984157914 34.083687883792145, -118.25426271184385 34.083698848798306, -118.25425546926363 34.08370976175274, -118.25424811492192 34.083720622653125, -118.2536872034535 34.084630492266186, -118.2536843738063 34.084637089304145, -118.25368142052608 34.08464364963885, -118.25367834360176 34.0846501696642, -118.2536751452004 34.08465664937564, -118.25367182423028 34.08466308607086, -118.25366838285566 34.08466947884378, -118.253664821071 34.08467582589132, -118.25366113995709 34.0846821263097, -118.2536573405892 34.08468837739201, -118.2536534240482 34.08469457823447, -118.25364939141194 34.08470072703176, -118.2536452437613 34.084706822880015, -118.25364098109071 34.08471286397625, -118.25363660556187 34.08471884851276, -118.25363211716913 34.08472477468657, -118.25362751807955 34.08473064249304, -118.25362280936852 34.08473644922537, -118.25361799211669 34.084742193979686, -118.25361306631864 34.08474787495294, -118.25360803413591 34.084753490337576, -118.25360289773556 34.084759040128965, -118.25359765602849 34.08476452252638, -118.25359231225983 34.084769935719834, -118.2535868675077 34.084775277904065, -118.25358132285548 34.084780549076775, -118.25357567938129 34.08478574743261, -118.25356993816315 34.08479087116621, -118.25356410136538 34.08479591937157, -118.25355817115225 34.08480089114249, -118.25355214643479 34.08480578467827, -118.25354603154429 34.08481059906825, -118.25353982647809 34.084815333410845, -118.25353353231421 34.08481998590077, -118.25352715230046 34.08482455562963, -118.2535206853506 34.084829041698164, -118.25351413579595 34.084833443195755, -118.25350750471455 34.0848377583171, -118.25350079210654 34.08484198706206, -118.2534940012141 34.08484612671937, -118.25348713312357 34.084850178188205, -118.25348018891032 34.08485413876167, -118.25347317182758 34.08485800933452, -118.25346608186717 34.08486178720207, -118.2534589222797 34.08486547235761, -118.25154035593177 34.086343181402285, -118.25099384364889 34.08610827732091, -118.25074100285772 34.08630265233683, -118.24927579984069 34.08566972174479, -118.24955649256587 34.085220226526026, -118.24921858911844 34.085075526903644, -118.25040598023442 34.08301048879102, -118.25350128229894 34.08140649718375, -118.25321373220609 34.07951643782708, -118.25349413047181 34.07904684798232, -118.25538129369939 34.07986362621967)))",OPD 507
8,508,"MULTIPOLYGON (((-118.56004210740626 34.26470130811857, -118.55950975482466 34.26470376955155, -118.55916445215334 34.264744136683376, -118.55879159853477 34.264854419433725, -118.55828856079944 34.26505059923043, -118.55788846309483 34.265277320241324, -118.55758175920012 34.26550360982803, -118.55730359077748 34.26580731089085, -118.55712722463988 34.26597096401741, -118.55693197191638 34.266103687042275, -118.55667118497267 34.26621344674538, -118.55638237892845 34.26632333555191, -118.55606524257098 34.266386827804794, -118.55572937402707 34.26644265012822, -118.55538401181434 34.26647525252836, -118.55538096713059 34.26601775904986, -118.55577302571697 34.265984942296285, -118.55605280306062 34.26592162329477, -118.55628577731994 34.265843009441795, -118.55654645909225 34.2657177408842, -118.55678825544958 34.265561541892964, -118.5570391303954 34.265366528837454, -118.55723386454778 34.26515626440271, -118.5574842710392 34.26489146313546, -118.55857336358986 34.26434363789803, -118.55914286417551 34.26430999138095, -118.55914452667959 34.26455812383618, -118.55959245873686 34.26450177316332, -118.56003136206054 34.26449198949298, -118.56004210740626 34.26470130811857)))",OPD 508
9,509,"MULTIPOLYGON (((-118.61207718683828 34.25731666752129, -118.61224859156907 34.25730562949739, -118.6125354343284 34.257446566980434, -118.61221126977084 34.257783836553735, -118.61200470909016 34.25801202398768, -118.61182638064444 34.25819260553246, -118.61168056503494 34.2583526818285, -118.61151854115238 34.25852979070998, -118.61136077393861 34.25873060839515, -118.61114678733081 34.25906053806475, -118.61094498005401 34.259436214386554, -118.61081875747774 34.259728655943285, -118.61073104419191 34.260008581651824, -118.61068807349456 34.2602696493257, -118.61065632298816 34.26053066128686, -118.61064646577948 34.260717032820395, -118.61065982592946 34.262542923487956, -118.61013247904225 34.26254558234324, -118.61019612199213 34.262042192083804, -118.61019162653947 34.26142735071638, -118.61017861736237 34.25964803937808, -118.61031453420716 34.25950708254324, -118.61051842167652 34.259421149491224, -118.61052672922061 34.25913825083355, -118.61051754752775 34.25899929932831, -118.61207718683828 34.25731666752129)))",OPD 509
10,510,"MULTIPOLYGON (((-118.5713882615405 34.224498938961716, -118.57104539831359 34.22450825573072, -118.57102786541512 34.221944666652256, -118.57137071811094 34.22193534903138, -118.5713882615405 34.224498938961716)))",OPD 510
11,512,"MULTIPOLYGON (((-118.51020225202018 34.18003048902107, -118.50950375235111 34.180049125857195, -118.50945676531212 34.172344442110955, -118.50996669548944 34.172373677331365, -118.5101554880331 34.17237288106015, -118.51020225202018 34.18003048902107)))",OPD 512
12,513,"MULTIPOLYGON (((-118.48441981720497 34.221778990786184, -118.47301288662283 34.22181309990513, -118.47302499066754 34.20801701298958, -118.48433966035404 34.207960579176145, -118.48441981720497 34.221778990786184)))",OPD 513
13,514,"MULTIPOLYGON (((-118.4375318658236 33.9602307564342, -118.43587718971345 33.960981681509, -118.43374795375658 33.96095995117942, -118.43278603073051 33.96147309813964, -118.43271479488905 33.96134593046397, -118.43272336713932 33.96072838827398, -118.43348602514932 33.960353182710314, -118.43553280466622 33.96035561156319, -118.43714052245335 33.959624465177924, -118.4375318658236 33.9602307564342)))",OPD 514
14,515,"MULTIPOLYGON (((-118.6233257453588 34.21972906678408, -118.62052393098654 34.21976058257679, -118.62052284989244 34.219615109852285, -118.62009019749127 34.219617327822306, -118.62010157901999 34.21976274776014, -118.61827857531102 34.219769544910115, -118.61827763183568 34.219641689528025, -118.61785428198414 34.219643851969, -118.61785520418309 34.219771119650645, -118.61711706720098 34.21977386139924, -118.61711466797587 34.21944923714139, -118.62332357609229 34.219390359161096, -118.6233257453588 34.21972906678408)))",OPD 515
15,516,"MULTIPOLYGON (((-118.59789148092928 34.21992960044499, -118.59794986860017 34.228082868795006, -118.59770071497735 34.22806686208045, -118.59743154837888 34.22815438088189, -118.5972656506753 34.22817243825874, -118.59720671330778 34.21993298206639, -118.59789148092928 34.21992960044499)))",OPD 516
16,517,"MULTIPOLYGON (((-118.60453726012295 34.242582275482036, -118.60142417638713 34.24258365727285, -118.6012482679445 34.24177926434045, -118.59769303699413 34.24179687315799, -118.59770986283165 34.23939511797922, -118.59768184909463 34.239209967779914, -118.59763706884176 34.23908267327091, -118.59764982130324 34.23882150710446, -118.59949222943554 34.23881239515223, -118.59946872732482 34.23553961064814, -118.59970267455772 34.23553845161418, -118.59985655156318 34.235586266158485, -118.6000465908968 34.23557925216464, -118.60227530298307 34.235584438246, -118.60227488824276 34.23552980927974, -118.60346554616403 34.23552387814296, -118.60346623071558 34.23558719306904, -118.60446961108559 34.23558950539737, -118.60449221786087 34.23871156836015, -118.60588704106158 34.23870459372935, -118.60592670129229 34.23948140694133, -118.60451485522115 34.239488466990366, -118.60453726012295 34.242582275482036)))",OPD 517
17,518,"MULTIPOLYGON (((-118.25646922454955 34.0071101447135, -118.25635061395906 34.007110396692944, -118.25634949791632 34.006745952789, -118.25585819543161 34.00674699528339, -118.25585862162012 34.006656929938465, -118.25646783206021 34.00665563695413, -118.25646922454955 34.0071101447135)))",OPD 518
18,519,"MULTIPOLYGON (((-118.52885235756773 34.24900133807132, -118.52869595779009 34.24900820768148, -118.5283160342493 34.249009866511244, -118.52830561927243 34.247364365306474, -118.52884195161604 34.24735893002089, -118.52885235756773 34.24900133807132)))",OPD 519
19,524,"MULTIPOLYGON (((-118.51641669599579 34.27967337467601, -118.51246952972755 34.27968036328462, -118.51248731848754 34.27912958121858, -118.51248681064484 34.27904689846559, -118.51252423627903 34.27899547388915, -118.51516984216332 34.279004151272105, -118.51517224132078 34.27936370301279, -118.51642432559115 34.27935839747902, -118.51642430803717 34.279534545324395, -118.51641669599579 34.27967337467601)))",OPD 524
20,525,"MULTIPOLYGON (((-118.46300627000835 34.002443235751585, -118.46119900761606 34.001598062357594, -118.46094832866974 34.00196508710656, -118.46038051069556 34.001695133579716, -118.46235173403416 33.99883984988293, -118.46469384265443 33.99997401409554, -118.46300627000835 34.002443235751585)), ((-118.46433884398772 34.001695921690796, -118.46616951659158 34.00068802691681, -118.46688704760514 34.00103385942671, -118.46361541315099 34.00272203088897, -118.46433884398772 34.001695921690796)))",OPD 525
21,527,"MULTIPOLYGON (((-118.25760847327393 34.10051946309289, -118.25907574124983 34.10049614970539, -118.25909014986534 34.101232546064516, -118.25839892202411 34.10123402623785, -118.25840540647984 34.10333232641991, -118.25902557588158 34.10387575387381, -118.25902723219805 34.10441041656946, -118.25790104588353 34.10494749258594, -118.25763042184572 34.10370723986439, -118.25760847327393 34.10051946309289)), ((-118.25567522030497 34.107802455178046, -118.25472372169158 34.10777872767419, -118.25063693091856 34.108062832802766, -118.25044905815845 34.10806697450004, -118.25026112307009 34.10806767939417, -118.25007321346847 34.108064948204685, -118.24988542150126 34.10805878074123, -118.24969783824295 34.10804918042235, -118.249510554776 34.10803615337167, -118.24932366000968 34.10801970391492, -118.2491372450341 34.10799984088145, -118.24895140094182 34.1079765740027, -118.24876621557638 34.10794991391892, -118.24858178112407 34.10791987396653, -118.24839818435726 34.10788646929671, -118.24821551421526 34.10784971505672, -118.24803386072895 34.10780962909654, -118.247853310685 34.107766231978204, -118.24767395086427 34.107719542460885, -118.24749586806297 34.10766958471363, -118.24731914907659 34.1076163829058, -118.24714387962139 34.10755996301253, -118.24697014324525 34.10750035101393, -118.24679802458968 34.107437576494306, -118.24662760612773 34.10737166904282, -118.24645897142611 34.10730266185301, -118.24629220079896 34.10723058812534, -118.2461273756461 34.10715548196006, -118.24596457628782 34.10707737926287, -118.24580387979992 34.10699631865118, -118.2456453643437 34.10691233964186, -118.24548910699542 34.106825481754456, -118.24533518375722 34.10673578811689, -118.24518366737597 34.10664330096261, -118.24503463277303 34.10654806522528, -118.24488815053863 34.10645012765081, -118.24474429234574 34.106349534982975, -118.24460312770374 34.10624633577321, -118.2444647250424 34.10614058037831, -118.24432915062268 34.10603231915958, -118.24419646963118 34.105921606086824, -118.24410946516923 34.10584938616781, -118.2440252645249 34.10577490128571, -118.24394395245906 34.10569822880704, -118.24386561264251 34.105619444297474, -118.24379032333924 34.10553862784126, -118.24371815956604 34.105455861332146, -118.24364919634395 34.10537122846697, -118.24358350219556 34.10528481475864, -118.24352114348025 34.105196707527256, -118.24346218331031 34.105106995902496, -118.24340668155104 34.10501577082354, -118.24335469373428 34.10492312413946, -118.2433062732263 34.10482914860515, -118.24326146798661 34.10473394149376, -118.24322032487989 34.10463759647431, -118.2431828832019 34.104540213541405, -118.24314918331851 34.10444188817971, -118.24311925694317 34.10434272220156, -118.24309313578361 34.10424281561598, -118.24307084612545 34.10414226754106, -118.24305240993209 34.10404118161087, -118.24303784591005 34.10393965966259, -118.24302716951158 34.10383780263811, -118.24302038969918 34.103735715999605, -118.24301751542228 34.10363350070127, -118.24309040071019 34.100571819140626, -118.24308898445493 34.100458926786565, -118.24308340154188 34.10034612215019, -118.24307365880729 34.10023351430254, -118.24305976416049 34.10012120870586, -118.24304173092655 34.10000930990968, -118.24301957785673 34.09989792515668, -118.24299332369142 34.09978715808313, -118.24296299368075 34.09967711501633, -118.2429286173934 34.099567896865246, -118.24289022657813 34.09945960904191, -118.24284785730467 34.099352352441535, -118.24280154889593 34.09924622885402, -118.24275134717088 34.09914133825275, -118.2426972979427 34.09903777880788, -118.2426394513583 34.098935648680495, -118.24257786406083 34.09883504421521, -118.24251259268702 34.09873605995358, -118.24054136468116 34.09579185616466, -118.24044598409056 34.09567625692153, -118.24034716243744 34.095562675765905, -118.24024496169903 34.09545118288558, -118.24013944601849 34.09534184846391, -118.24003068170015 34.095234740876855, -118.23991873395812 34.09512992669947, -118.23980367558833 34.09502747159021, -118.23968557721301 34.094927439408764, -118.23956451269886 34.09482989220541, -118.2394405580736 34.09473489022316, -118.23931378936618 34.09464249460662, -118.23918428584241 34.094552761986385, -118.23905213001265 34.09446574718392, -118.23891740222392 34.094381506828014, -118.23878018822225 34.094300091226366, -118.23864057267646 34.0942215533935, -118.2384986434872 34.09414594002726, -118.2383544885592 34.094073299628704, -118.23820819687185 34.094003677992454, -118.23805986172785 34.09393711729885, -118.23790957426148 34.093873659732864, -118.23775742884938 34.0938133447688, -118.2376035209455 34.09375621007624, -118.23744794491166 34.093702290622645, -118.23729079944329 34.09365162136735, -118.23713218105745 34.09360423366844, -118.23697219059729 34.093560156171215, -118.23681092565161 34.093519416626435, -118.23664848922176 34.09348204097152, -118.23648498104967 34.09344805244632, -118.23632050412259 34.09341747248178, -118.23615515924968 34.093390318907396, -118.23598905157418 34.09336660954494, -118.23582228406391 34.093346359516175, -118.23565496076235 34.09332958123686, -118.23550068669245 34.09332898772504, -118.23534648744291 34.09332494551343, -118.23519247465141 34.09331745618805, -118.23503875996816 34.09330652584319, -118.23488545396462 34.093292162378816, -118.23473266721706 34.09327437549855, -118.2345805092307 34.09325317941637, -118.23442909276098 34.09322858834028, -118.23427852407397 34.09320062099933, -118.23412891376982 34.093169296114475, -118.23398037029585 34.09313463782071, -118.23383299884813 34.093096670259676, -118.23368690896648 34.09305542117139, -118.23354220260985 34.09301092011392, -118.23339898824814 34.092963200239474, -118.23325736568154 34.09291229471734, -118.23311744013752 34.09285824031291, -118.232979310351 34.092801077410584, -118.23284307830427 34.092740845487455, -118.23270884057821 34.092677590342035, -118.23257669483135 34.09261135596807, -118.23244673764734 34.0925421899677, -118.23231906128704 34.09247014445953, -118.23219375908627 34.09239526885567, -118.23207092006274 34.09231761888738, -118.23195063540037 34.09223725028221, -118.23183298978752 34.09215422148474, -118.23171806899528 34.09206859093778, -118.23160595664105 34.091980422497556, -118.23149673308785 34.091889779125076, -118.2313904765353 34.091796725588715, -118.23128726519174 34.09170133026298, -118.23118717401348 34.091603661528566, -118.23109027254272 34.091503789579725, -118.23099663357864 34.091401787308946, -118.23090632341776 34.091297727621125, -118.22973018166185 34.08982589884315, -118.22929163699379 34.08894228944774, -118.22766932349053 34.0837520925129, -118.22753540241615 34.083131789637015, -118.22831430545814 34.0834774247513, -118.2289505815777 34.083840383113696, -118.22911535728565 34.08429363088141, -118.22914315286263 34.08434668373843, -118.22917445206922 34.084398368631234, -118.22920915803549 34.08444852436687, -118.2292471641565 34.08449699608139, -118.22928835192252 34.0845436343425, -118.22933259416457 34.08458829334031, -118.2293797529024 34.08463083630077, -118.22942968366345 34.08467113006827, -118.22948223116363 34.08470905052308, -118.22953723146964 34.084744480774255, -118.22959451633034 34.08477731024982, -118.22965390668308 34.08480743741404, -118.22971521915267 34.08483476885318, -118.22977826497005 34.08485922017945, -118.22984284672208 34.084880716037134, -118.22990876593596 34.08489919008815, -118.22997581874309 34.08491458411893, -118.23004379696975 34.08492685074275, -118.23547512540117 34.08754703579106, -118.23567946847372 34.08764522606658, -118.23588171609447 34.087746373504956, -118.23608180751157 34.08785044758345, -118.23627968197219 34.08795741777954, -118.23647527762866 34.08806724996718, -118.23666853480202 34.08817991091759, -118.2368593959791 34.088295367398274, -118.23704780038237 34.08841358167557, -118.23723369266362 34.08853452051296, -118.23741701420494 34.08865814437003, -118.2375977096457 34.088784416404586, -118.23777572470497 34.08891329887103, -118.23795100292338 34.08904475042193, -118.23812349218495 34.0891787333077, -118.23829313927341 34.089315204371765, -118.23845989206276 34.089454123160166, -118.23862369950146 34.08959544651228, -118.2387845127067 34.08973913216468, -118.2389422806196 34.08988513515383, -118.23909695651683 34.09003341140914, -118.23924849258529 34.09018391505905, -118.23939684209428 34.09033660022999, -118.23954195939552 34.09049142104606, -118.23968380099896 34.09064832892258, -118.23982232341596 34.09080727617621, -118.2399574842405 34.090968215121535, -118.24008924106015 34.09113109626983, -118.2402175547095 34.091295869224375, -118.2403423860222 34.09146248358836, -118.24046369582815 34.09163088806324, -118.24058144820967 34.09180103224535, -118.24069560615911 34.09197286393009, -118.24080613483261 34.09214633000666, -118.24091300047134 34.09232137826358, -118.24098242334499 34.09245778124581, -118.24105553773452 34.0925928434592, -118.2411323033604 34.09272649555953, -118.241212683198 34.09285866999891, -118.2412966358823 34.09298929743483, -118.24138411680696 34.09311831213718, -118.24147508353168 34.093245648371294, -118.24156948819734 34.093371240413255, -118.24166728186258 34.093495023442564, -118.24176841667658 34.093616935341124, -118.24187283828567 34.0937369140036, -118.24198049558339 34.09385489641673, -118.24209133205704 34.093970824085474, -118.24220529226878 34.09408463580808, -118.24232231754168 34.09419627489687, -118.24244234702775 34.09430568376704, -118.2425653198833 34.09441280663679, -118.2426911730961 34.09451758772873, -118.24274484453261 34.09456853814306, -118.24280143539441 34.094617252278134, -118.24286081206144 34.09466361590392, -118.24292283225387 34.09470751841403, -118.24298734937446 34.09474885552146, -118.2430542103414 34.094787529263336, -118.24312325666935 34.09482344709681, -118.24319432339371 34.094856524606264, -118.24326724231356 34.09488668279198, -118.24334184091629 34.0949138507771, -118.2434179423694 34.094937963102865, -118.24349536444527 34.09495896243568, -118.2435739238552 34.09497679955825, -118.2436534351639 34.094991432470344, -118.24373370861925 34.09500282549154, -118.24381455341133 34.09501095195943, -118.24389577875351 34.095015793325786, -118.24397719062394 34.09501733645867, -118.24405859611564 34.0950155790427, -118.24413980234027 34.095010525073825, -118.24422061643318 34.09500218666216, -118.24430084554827 34.094990582228995, -118.2443948100215 34.09498382093472, -118.24448903791091 34.09498043076219, -118.2445833526144 34.09498041928058, -118.24467758183809 34.09498378503553, -118.24477154785937 34.09499052297808, -118.2448650794363 34.095000620834554, -118.24495800096824 34.095014058226674, -118.24505014118094 34.095030812063534, -118.2451413298569 34.095050850237136, -118.24523139568136 34.09507413613462, -118.24532017381964 34.0951006259181, -118.24540749833935 34.09513027124477, -118.24549320870472 34.09516301654908, -118.24557714436565 34.09519880175819, -118.24565915016841 34.09523755957641, -118.24573907419581 34.09527921819414, -118.24581676885118 34.09532370128568, -118.24589208976923 34.095370926208226, -118.2459648969021 34.09542080490124, -118.2460350545224 34.095473244787954, -118.24610243447638 34.09552814967013, -118.24616690967173 34.09558541613522, -118.24622836276237 34.09564493894789, -118.2462866774691 34.09570660746133, -118.24634174725364 34.09577030740282, -118.24639346990072 34.09583592088467, -118.24644174860164 34.09590332640182, -118.24648649411903 34.095972397926054, -118.2465276247974 34.09604300851194, -118.24656506221812 34.09611502669955, -118.24659873879303 34.09618831920363, -118.24662859017603 34.09626275002739, -118.24665456284903 34.096338180447, -118.24667660762795 34.09641447172952, -118.24979118254966 34.09874390995453, -118.24993788408564 34.098663285514746, -118.25008224897373 34.0985797934527, -118.2502241960641 34.0984934790213, -118.25036364530777 34.09840439288073, -118.25050051773263 34.09831258298455, -118.25063473871593 34.09821810178524, -118.25076623147147 34.09812100264134, -118.25089492246524 34.098021338904864, -118.25102073926179 34.097919168433265, -118.2511436115859 34.09781454637505, -118.25126347026111 34.09770753238423, -118.25138024828188 34.09759818701182, -118.25149387972775 34.097486570806616, -118.25160430193867 34.0973727470152, -118.25171145117467 34.097256779787976, -118.25181526911273 34.097138732362474, -118.25191569636354 34.097018673387545, -118.25201267678189 34.096896668800625, -118.2521061553154 34.09677278724131, -118.25219608125033 34.09664709824155, -118.25228240279567 34.09651967313853, -118.25236507249342 34.0963905823586, -118.25244404289482 34.096259899032525, -118.25251926980312 34.096127696283965, -118.25259071227333 34.09599404722973, -118.2526922248351 34.09582371502944, -118.25279742071316 34.09565493558887, -118.25290626429954 34.09548776486796, -118.25301871998447 34.09532225792468, -118.25313475215661 34.095158468915436, -118.2532543230328 34.0949964501979, -118.25337739158259 34.094836255037976, -118.25350392002505 34.094677935792944, -118.25363386624554 34.09452154482915, -118.25376718704157 34.09436713271211, -118.25390383921165 34.09421475000701, -118.2540437784691 34.09406444638002, -118.25418695944202 34.09391627059773, -118.25433333350601 34.093770270532204, -118.2544828552942 34.093626495851446, -118.2546354750927 34.0934849917252, -118.25479114210785 34.09334580422693, -118.25494980663359 34.09320898032925, -118.25511141570037 34.09307456250424, -118.25527591851817 34.092942596825395, -118.25544325995257 34.092813125769524, -118.25685707668369 34.09163086985911, -118.25543778757985 34.09102157214912, -118.25701086754748 34.08845561883692, -118.25965831980017 34.08958385923692, -118.25955175259928 34.09037781926866, -118.25637199354873 34.09344614347038, -118.25615484766952 34.09363623403104, -118.25594058258302 34.09382857373052, -118.2557292296263 34.09402313276735, -118.25552082446367 34.09421987862627, -118.2553153973534 34.094418782409655, -118.25511298287842 34.0946198116046, -118.2549136112937 34.09482293551036, -118.25471731393326 34.09502812162085, -118.25452412213514 34.09523533833151, -118.25433406723548 34.09544455313625, -118.2541471773152 34.09565573173258, -118.2539634826345 34.09586884341956, -118.25378301127073 34.09608385209163, -118.25360579239982 34.09630072614847, -118.25343185410392 34.096519430385776, -118.25326122338545 34.09673993050302, -118.25309392724765 34.096962192199456, -118.25292999161108 34.09718618117656, -118.25276944130552 34.09741186043341, -118.25261230334002 34.09763919657031, -118.25245860254604 34.097868152586074, -118.25230836159436 34.098098693286744, -118.25216160423479 34.098330781672935, -118.25377229836074 34.09909846261914, -118.2530948358825 34.10043788757136, -118.25303432037926 34.100477897182465, -118.25297132453635 34.10051516228389, -118.25290602794051 34.10054957881966, -118.25283861669554 34.10058104722812, -118.25276928236022 34.100609479656434, -118.25269822409422 34.10063479274377, -118.2526256432662 34.100656916648234, -118.2525517455943 34.100675786026734, -118.25247674442409 34.10069134904377, -118.25240085095626 34.10070356108116, -118.25232428183779 34.10071238652494, -118.25224725699975 34.10071780057346, -118.25216999314974 34.10071978744752, -118.2520927135302 34.10071834217327, -118.25201563490857 34.10071346880626, -118.25193898058448 34.10070518130578, -118.25186296521453 34.10069350266509, -118.25178780890633 34.100678466684904, -118.25171372312148 34.100660115298425, -118.25164092044027 34.100638502156784, -118.25156960804517 34.100613688135134, -118.2514999877292 34.100585744037126, -118.25143226022512 34.10055474878283, -118.25141347779405 34.10050885031017, -118.25139848338459 34.10046199734499, -118.25138734591285 34.10041440521144, -118.25138011697126 34.10036629467858, -118.25137682972871 34.10031788655333, -118.25137749893887 34.10026940438523, -118.25138212093472 34.10022107266325, -118.25139067578304 34.10017311230368, -118.25140312404918 34.10012574606609, -118.25141940677582 34.10007919134112, -118.25143945090976 34.100033662843806, -118.25146316171329 34.09998937172781, -118.25149043142054 34.099946521060005, -118.25152113491093 34.09990530853384, -118.25155512861977 34.09986592466879, -118.25159225703568 34.099828550993735, -118.25163234944652 34.09979335915242, -118.25167521994199 34.09976051180479, -118.25213646376659 34.099033853143794, -118.25167235322968 34.09880804040402, -118.25085794298792 34.09994363560715, -118.25125147515692 34.100744820659884, -118.25226111065686 34.100855502281235, -118.2525928237147 34.10095506144973, -118.25284933120437 34.10109237278985, -118.25301553026559 34.10125493531004, -118.25309153323497 34.10148034573256, -118.25289744206749 34.10205720514301, -118.25289884722515 34.103148856405575, -118.25422453076966 34.10438149524327, -118.25608051526306 34.10508059633628, -118.25618260687955 34.105116368197436, -118.25628300137471 34.10515532237416, -118.25638155768658 34.10519740057039, -118.2564781325847 34.10524254449514, -118.25657259040467 34.10529068953084, -118.25666479546726 34.10534176655272, -118.25675461749994 34.10539570281871, -118.25684192621517 34.10545242107926, -118.25692659890244 34.10551184136445, -118.25700851500385 34.10557387919218, -118.25708755611114 34.10563844466685, -118.25716361139575 34.10570544607361, -118.2572365700197 34.10577478899326, -118.25730633088111 34.10584637357667, -118.25737279178769 34.105920098173804, -118.25743586028894 34.105995857507885, -118.25749544392475 34.10607354359738, -118.25755145997711 34.10615304483378, -118.25760382789426 34.10623424960376, -118.25765247252596 34.106317040873115, -118.25769732413418 34.106401299792815, -118.25773831948557 34.10648690840125, -118.25777540074826 34.106573743315764, -118.26848088959645 34.1122879795417, -118.27244692030783 34.11615705171653, -118.26953669115744 34.11840870582901, -118.26944476788996 34.1181967170399, -118.26934890448749 34.117985939609255, -118.26924912281699 34.11777642396478, -118.26914544799368 34.11756821962527, -118.26903790513774 34.11736137791209, -118.26892651827569 34.117155947444346, -118.26881131685593 34.116951977730146, -118.26869232707392 34.11674951828474, -118.26856957728923 34.116548617716624, -118.26844309694435 34.116349324631834, -118.26831291872675 34.11615168582568, -118.26817907099301 34.11595574990615, -118.26804158750954 34.115761562764305, -118.26790050204748 34.11556917209411, -118.26775584620626 34.115378624692646, -118.26760765699483 34.11518996464028, -118.26745596817833 34.115003238728946, -118.26730081893137 34.11481849103388, -118.26714224409483 34.11463576654145, -118.26698028175714 34.11445510932905, -118.26681497325157 34.114276561663864, -118.26664635557746 34.114100166724064, -118.26647447115255 34.11392596767579, -118.2662993602225 34.11375400678849, -118.26612106627506 34.113584323619705, -118.26593963064029 34.11341696133798, -118.26575509788151 34.11325195769554, -118.2655675114885 34.113089354053024, -118.26537691710597 34.112929188160344, -118.26518336146718 34.11277149956815, -118.2638980427394 34.11154969852934, -118.26370271939275 34.1113928850304, -118.26350449460497 34.11123861085087, -118.26330341618021 34.111086912835056, -118.26309953192406 34.11093782872901, -118.26289289288123 34.110791392665575, -118.26268354793592 34.110647641487226, -118.2624715470436 34.110506608428075, -118.26225694233207 34.110368328520636, -118.26203978375435 34.11023283499938, -118.26182012450829 34.11010015928889, -118.26159801671238 34.109970334619355, -118.26137351572686 34.10984339150956, -118.26114667366231 34.109719361387064, -118.2609175469549 34.10959827296591, -118.26068618879103 34.10948015586881, -118.26045265560472 34.10936503881025, -118.26021700382331 34.10925294870208, -118.25997929095959 34.109143913355595, -118.25973957235207 34.109037958783965, -118.25949790767365 34.10893511099158, -118.2592543533361 34.108835393285474, -118.25900896900757 34.108738830769155, -118.25876181326554 34.108645446745804, -118.25851294576506 34.108555262713594, -118.25826242724659 34.10846830107041, -118.25801031627952 34.10838458331763, -118.25775667575924 34.10830412824323, -118.2575015642504 34.10822695644789, -118.2572450446468 34.10815308672052, -118.25698717874921 34.1080825351483, -118.25672802727941 34.10801531962404, -118.25646765529096 34.10795145713058, -118.25620612240927 34.107890961957914, -118.25594349259448 34.107833848387536, -118.25567522030497 34.107802455178046)))",OPD 527
22,531,"MULTIPOLYGON (((-118.3135575064918 34.09077102545209, -118.31354635434306 34.09377220956548, -118.31361727700605 34.094759984187164, -118.31358497637103 34.09809675629678, -118.30923801168252 34.09810795989588, -118.30916604392907 34.09076370192131, -118.3135575064918 34.09077102545209)))",OPD 531
23,536,"MULTIPOLYGON (((-118.45787266179023 34.22222565419529, -118.45956749453693 34.22222676974145, -118.4596910085566 34.2230921586186, -118.4597198103989 34.223530458228346, -118.45970803439619 34.22378806846097, -118.45968963052124 34.224040223408046, -118.45965176653723 34.22435273375004, -118.45953955374554 34.22434219991544, -118.45943426684337 34.224931530756045, -118.45758237057889 34.22493854763376, -118.45757083201396 34.22472778777402, -118.45717981492996 34.22472926568935, -118.45717399374692 34.22366614575799, -118.4564812904865 34.22366876084542, -118.4564791932781 34.22328516080125, -118.4571521017399 34.223282620498004, -118.45714295066036 34.22161122067155, -118.45786865297111 34.22161395733344, -118.45787266179023 34.22222565419529)))",OPD 536
24,538,"MULTIPOLYGON (((-118.37288868705072 34.04216373674182, -118.3708737828546 34.04179076753405, -118.37001630941387 34.04152797524468, -118.37005224442078 34.04141411330672, -118.37011510501534 34.04120916629673, -118.37013262009233 34.04104985953162, -118.37104481264878 34.04132764842357, -118.3730596061112 34.04167786489377, -118.37288868705072 34.04216373674182)))",OPD 538
25,537,"MULTIPOLYGON (((-118.30903452481562 34.050817784628265, -118.3073994755787 34.05084257945423, -118.29996708543771 34.05086127037114, -118.29995732648243 34.048139197057324, -118.29997687384652 34.04791216731585, -118.29997899576072 34.04727302160088, -118.30027405809894 34.04665362969413, -118.30026428964803 34.04393155697233, -118.30037513036388 34.04362520254086, -118.30072702579682 34.04276049508647, -118.30070356969657 34.040032664657645, -118.30033440094157 34.03988582260018, -118.3002707330735 34.03736268499656, -118.30899489725593 34.0373406734011, -118.30903452481562 34.050817784628265)))",OPD 537
26,541,"MULTIPOLYGON (((-118.4106691896153 34.03340555514103, -118.41044973255065 34.03393921253485, -118.40818355997702 34.03266355839273, -118.40823661085656 34.03255163300798, -118.40524881167325 34.03089166004361, -118.40519939400602 34.03092039190496, -118.40412282648025 34.0303498109199, -118.4028420713621 34.03022358257646, -118.40320551629313 34.029743837142284, -118.40431634743271 34.02984887949608, -118.40546900466182 34.0304975572853, -118.4106691896153 34.03340555514103)))",OPD 541
27,543,"MULTIPOLYGON (((-118.28104647576767 34.09568650372435, -118.28026263726703 34.095679267669354, -118.28250396988939 34.092087615950376, -118.28255614681345 34.092032672657325, -118.28261011030108 34.091978937723646, -118.28266581930517 34.091926450008835, -118.28272323386861 34.09187525017298, -118.28278231077483 34.09182537617911, -118.28284300463412 34.09177686419233, -118.28290527115004 34.09172975307984, -118.28296906275428 34.09168407540577, -118.28303433188813 34.09163986643887, -118.28310102990348 34.09159715964739, -118.28361161398973 34.09128803658365, -118.2836697149035 34.0912724019387, -118.2837270914055 34.091255010979, -118.28378366337982 34.09123588553046, -118.2838393583143 34.0912150528105, -118.28389410044299 34.09119253914292, -118.28394781618601 34.09116837625553, -118.28400043412778 34.091142594969654, -118.2840518850355 34.091115230609255, -118.28410209751249 34.09108631940505, -118.2841510066764 34.09105590117853, -118.28419854655539 34.091024013950886, -118.28438354025131 34.091005465058615, -118.28443907707957 34.09133137439189, -118.28443990878694 34.091575901362745, -118.28441432266231 34.091598233052515, -118.28438701077152 34.091619101104385, -118.28435809525841 34.091638415978, -118.2843277015303 34.09165609173152, -118.28429596477187 34.09167204961245, -118.28426302561674 34.091686219870816, -118.28422902797442 34.09169853996133, -118.28419412336733 34.09170895543475, -118.28415846443262 34.09171742085468, -118.28412220816952 34.09172389888846, -118.2840855148559 34.09172836030963, -118.28404854805432 34.091730785801026, -118.28397812713818 34.09175913865396, -118.28390880352262 34.09178930277032, -118.28384064211961 34.09182124824892, -118.28377370892512 34.0918549451861, -118.28370807100688 34.091890360069776, -118.28364379001499 34.09192745940063, -118.28358092975176 34.091966205166656, -118.28351955077831 34.09200656206829, -118.28345971147054 34.09204848940176, -118.28340147129151 34.09209194736254, -118.28334488644464 34.09213689344908, -118.28329001096348 34.09218328426349, -118.2832368999595 34.092231074602296, -118.28318560312047 34.09228021747165, -118.28313617230175 34.09233066587269, -118.28104647576767 34.09568650372435)))",OPD 543
28,545,"MULTIPOLYGON (((-118.33380535309341 34.03448540389523, -118.33009738565974 34.035003332961146, -118.32836969310866 34.03507151108661, -118.32722644980356 34.035138081886956, -118.32636272399225 34.035203885714296, -118.32174052936574 34.035893271953746, -118.31782849176204 34.03624212220558, -118.31781547570176 34.03281495052418, -118.33468796000632 34.03279051197359, -118.33380535309341 34.03448540389523)))",OPD 545
29,546,"MULTIPOLYGON (((-118.41455285397484 33.99856291962998, -118.41447728538903 33.99870612523144, -118.41256479859345 33.99758499241207, -118.41133358270812 33.99927278287911, -118.41079854770452 33.99905224508818, -118.41202930213525 33.99726916435989, -118.41143652501012 33.99693764606114, -118.41172068363502 33.99655548668627, -118.41139557688078 33.99636600072709, -118.41414169203259 33.992544711940226, -118.41442920392211 33.99284550005485, -118.41461878259923 33.99262248871718, -118.41482789953967 33.99249470634268, -118.41792696422321 33.99450114161164, -118.41760462414001 33.994867564610146, -118.41821663855004 33.995230752320694, -118.41580992656961 33.99825681968912, -118.41565674266847 33.998130284530944, -118.4152396630828 33.99862409033327, -118.41478058330314 33.998339776942785, -118.41455285397484 33.99856291962998)))",OPD 546
30,550,"MULTIPOLYGON (((-118.31449332664651 34.076139787799356, -118.31448702081094 34.076457226641004, -118.30932235796018 34.07647056224561, -118.30932300572965 34.07614007410581, -118.30889155396603 34.076144669799206, -118.3088647148338 34.06909096737371, -118.3092583369603 34.069092964990546, -118.30925637688597 34.06874739829262, -118.31397150247136 34.068735233662046, -118.31397267136997 34.06904665504987, -118.31451528699915 34.0690452433366, -118.31452301529012 34.071100626908986, -118.31478895931767 34.0721587776773, -118.3148039614606 34.07614497564905, -118.31449332664651 34.076139787799356)))",OPD 550
31,551,"MULTIPOLYGON (((-118.31514192410398 34.02757558402428, -118.30948724479515 34.02759021259137, -118.30947377215566 34.02621907538342, -118.31515359170004 34.0262113765566, -118.31514192410398 34.02757558402428)))",OPD 551
32,544,"MULTIPOLYGON (((-118.38138997690625 34.22698275506758, -118.38080096877906 34.227428790103865, -118.38133774667362 34.22787127902985, -118.37755035538356 34.23057160815855, -118.38133821676458 34.234136544867496, -118.38102827331475 34.2387592463544, -118.36923425618366 34.24724163845829, -118.36920380667816 34.246727026073856, -118.36864138807351 34.246962697122264, -118.3663220884902 34.24488752454903, -118.36580648257659 34.242947242819014, -118.36631048713151 34.24224384889297, -118.36653410964641 34.24184544552892, -118.36681304393964 34.24121291727496, -118.36709187003926 34.240556992914215, -118.3672863873599 34.239948116222614, -118.3673408762883 34.239526828692846, -118.36597646507296 34.230313068879404, -118.36144815603053 34.225343401375, -118.3618683048921 34.2248040456092, -118.36186718952618 34.22454669723786, -118.36507801555145 34.22453705296669, -118.36499525558696 34.22369028284002, -118.36510558083293 34.22317563780804, -118.36558114867674 34.22251962148279, -118.36812855751577 34.21942602218682, -118.36852254541687 34.219424822901914, -118.36872026198843 34.219587865721614, -118.36942050282495 34.21883763831064, -118.38138997690625 34.22698275506758)))",OPD 544
33,528,"MULTIPOLYGON (((-118.23237846915148 34.11866372618531, -118.23193694124413 34.11813066098689, -118.2328700401778 34.11671657995445, -118.23466556736659 34.11456453636492, -118.23663265467242 34.10904503243357, -118.23728635674928 34.10773910792093, -118.23742360340741 34.105030519892594, -118.23757757589392 34.10479912494798, -118.23605489112003 34.102923209964956, -118.23646933138765 34.102646072982445, -118.2374405087932 34.10207177978201, -118.23775131332219 34.102900145879936, -118.2385964921516 34.1042919260471, -118.23875243763591 34.10450678478695, -118.24032067008356 34.106273461281205, -118.24381930594977 34.110785742832746, -118.24383243414431 34.11079780588808, -118.24384534063407 34.110810034369706, -118.24385802107034 34.11082242377878, -118.24387047328544 34.11083497411983, -118.24388269401203 34.11084767999026, -118.24389467999325 34.110860539593716, -118.24390642905078 34.110873549328446, -118.24391793901168 34.11088670739589, -118.2439292055273 34.110900009297254, -118.24394022642196 34.11091345233238, -118.24395100060383 34.110927033798966, -118.24396152481343 34.110940750999006, -118.243971795786 34.110954599431594, -118.24398181134579 34.110968576396466, -118.24399157040102 34.110982679191345, -118.24400106860297 34.110996903317485, -118.2440103059464 34.111011246971806, -118.24401927916898 34.111025706554884, -118.24402798608989 34.11104027756347, -118.24403642561714 34.11105495729524, -118.24404459448864 34.11106974215074, -118.24405249052857 34.11108462942982, -118.24406011372372 34.11109961462486, -118.24406746189838 34.11111469503575, -118.24407453179026 34.11112986706302, -118.2440813233861 34.111145126199034, -118.24408783342895 34.11116047064738, -118.2440940619029 34.111175894998944, -118.24410000771863 34.11119139745288, -118.24410566761131 34.111206973508175, -118.24411104265147 34.11122261865512, -118.24411612958211 34.11123833109712, -118.24412092730351 34.11125410542737, -118.24412543580753 34.11126993894125, -118.24412965399965 34.11128582803493, -118.24413357969883 34.11130176820515, -118.24413721289967 34.11131775764893, -118.24414055249972 34.11133379005774, -118.24414359849351 34.11134986362857, -118.24414634869741 34.11136597295667, -118.24414880310596 34.11138211623901, -118.2441509617058 34.11139828896794, -118.24415282448365 34.11141448663592, -118.24415438926374 34.11143070654269, -118.24415565602999 34.11144694327914, -118.24415662586092 34.11146319504001, -118.24415729765934 34.111479457319874, -118.24415767033064 34.111495726514846, -118.24415774602916 34.11151199811288, -118.24415752257657 34.111528268512274, -118.244157001046 34.11154453410469, -118.2441561814267 34.111560791284084, -118.24415506479187 34.11157703644208, -118.24415364896305 34.111593265976985, -118.24415193717857 34.11160947537461, -118.24414992725991 34.111625661033145, -118.24414762136148 34.11164181844063, -118.24414501947783 34.111657945793944, -118.24414212267959 34.111674038583295, -118.24413893095333 34.11169009230096, -118.24413544537225 34.11170610333868, -118.24413166700953 34.11172206808815, -118.24412759585712 34.111737983844634, -118.24412323298556 34.11175384609843, -118.2441185805492 34.11176965033746, -118.24411363962658 34.111785394756346, -118.2441084091178 34.11180107394823, -118.24410289335037 34.11181668519959, -118.24409709122969 34.1118322249066, -118.24409100491282 34.111847689458706, -118.24408463547034 34.111863074345926, -118.24407798506194 34.111878376859416, -118.24407105584466 34.11189359338851, -118.24406384672407 34.11190872032936, -118.24405636202488 34.11192375406697, -118.24404860282036 34.11193869099302, -118.24404057126758 34.11195352749701, -118.24403226735859 34.111968260874235, -118.24402369541815 34.11198288750979, -118.244018633091 34.111995296501654, -118.24401385062666 34.11200778245987, -118.24400935017715 34.11202033997105, -118.24400513281859 34.11203296632846, -118.24400119961652 34.11204565521922, -118.2439975527283 34.1120584030329, -118.24399419322738 34.11207120616119, -118.2439911221794 34.11208405829125, -118.24398834066034 34.11209695671639, -118.24398584973851 34.11210989602519, -118.24398365048476 34.1121228717079, -118.24398174288598 34.11213587925689, -118.24398012801312 34.11214891416238, -118.24397880585313 34.11216197191672, -118.24397777856072 34.11217504800792, -118.243977045039 34.11218813793055, -118.24397660635884 34.11220123717472, -118.24397646142069 34.11221434033361, -118.24397661238194 34.112227443796606, -118.24397705706185 34.11224054306047, -118.24397779544475 34.11225363271612, -118.2439788296853 34.112266708251454, -118.24398015652166 34.11227976606694, -118.24398177701923 34.112292799849705, -118.2439836911704 34.11230580689519, -118.24398589679173 34.112318781798535, -118.24398839278896 34.11233172095586, -118.24399118022762 34.1123446180542, -118.24399425801352 34.1123574694897, -118.24399762288465 34.11237027166273, -118.2440012748226 34.11238301826266, -118.24400521381978 34.11239570658482, -118.24400943660618 34.112408330325025, -118.2440139431766 34.11242088768029, -118.24401873134241 34.11243337144268, -118.24402379892815 34.112445778911955, -118.24402914483683 34.112458105582654, -118.2440347658037 34.112470346953735, -118.24404066289979 34.11248249851524, -118.24404683069511 34.11249455667195, -118.24405326917669 34.1125065169163, -118.24405997507715 34.11251837384561, -118.2440669473075 34.11253012565891, -118.24407418151391 34.112541766054285, -118.24408167660465 34.11255329232927, -118.24408943039622 34.112564699079044, -118.24409743854801 34.11257598450931, -118.24410569887387 34.11258714231363, -118.24411420811697 34.11259817069547, -118.24412296517767 34.112609064247835, -118.24413196462619 34.11261981937557, -118.24414120428685 34.11263043337832, -118.2441506819788 34.11264090175281, -118.24416039226954 34.11265122000232, -118.24417033298607 34.11266138632811, -118.24418050194494 34.11267139532537, -118.24419089263758 34.112681245204044, -118.24420150396696 34.1126909314587, -118.24421233050319 34.112700450494145, -118.24422336898942 34.112709800513805, -118.24423461615812 34.11271897611503, -118.24424606766867 34.112727975503425, -118.24425772026134 34.11273679598102, -118.2442695685011 34.11274543214949, -118.24428160805225 34.11275388401754, -118.24429383673136 34.112762146180366, -118.24614057809107 34.11451295885101, -118.24567278611576 34.114848113175746, -118.24600869140276 34.11520948155889, -118.23962566502448 34.119566931849604, -118.23533758382571 34.118906953838305, -118.23446359775232 34.11771109534011, -118.23237846915148 34.11866372618531)))",OPD 528
34,530,"MULTIPOLYGON (((-118.38771158513035 34.18664739033049, -118.37903771810424 34.18667488283421, -118.37905340746005 34.172161660971184, -118.37931641614556 34.172316565992574, -118.37950370500485 34.172300405255406, -118.38767396202623 34.18575690836493, -118.38771158513035 34.18664739033049)))",OPD 530
35,532,"MULTIPOLYGON (((-118.27060750498562 34.080168514699906, -118.27018803516735 34.08056841562764, -118.27011988066549 34.08067441506929, -118.27011254632423 34.08066424596479, -118.27010514599847 34.08065410946252, -118.27009767969109 34.08064400646402, -118.27009014848558 34.08063393696685, -118.27008255238192 34.080623900970956, -118.27007489138309 34.08061389937789, -118.27006716549197 34.08060393308916, -118.27005937578626 34.08059400029924, -118.27005152119119 34.08058410371524, -118.27004360278737 34.08057424243301, -118.27003562057479 34.08056441645271, -118.27002757455348 34.08055462577422, -118.2700194647292 34.08054487220064, -118.27001129326608 34.08053515482552, -118.27000305800006 34.08052547455527, -118.26999476109516 34.080515830483535, -118.26998640039031 34.08050622441811, -118.26997797913586 34.08049665635177, -118.26996949516204 34.08048712538781, -118.26996094955814 34.080477633326865, -118.26995234232123 34.080468179267385, -118.2699436745377 34.080458764108464, -118.26993494620754 34.080449387850045, -118.26992615625022 34.08044005139614, -118.26991730682977 34.08043075384027, -118.26990839686567 34.08042149608646, -118.2698994274442 34.08041227903381, -118.26989039856257 34.08040310178066, -118.2698813102236 34.08039396522864, -118.26987216242738 34.08038486937765, -118.26986295626025 34.08037581512691, -118.26985369172223 34.080366802476256, -118.2698443677269 34.08035783052665, -118.26983498753049 34.080348901073876, -118.26982554788263 34.080340014125106, -118.26981605203369 34.080331169673144, -118.26980649890028 34.08032236772039, -118.26979688848232 34.08031360826681, -118.26978722186911 34.080304893113045, -118.2697774990549 34.08029622045599, -118.26976772004542 34.080287592098664, -118.26975788483776 34.08027900713959, -118.26974799451835 34.080270466477835, -118.2697380490901 34.08026197101494, -118.26972804855002 34.08025351984929, -118.26971799290109 34.08024511388248, -118.26970788430727 34.08023675220808, -118.26969772060754 34.080228436633966, -118.26968750396875 34.08022016715533, -118.26967723330453 34.08021194287302, -118.2696669097042 34.08020376558764, -118.26965653316478 34.08019563439771, -118.26964610476979 34.08018754930069, -118.26963562343863 34.08017951120062, -118.26962509025765 34.080171520996586, -118.26961450630748 34.080163577784504, -118.26960387050458 34.08015568156697, -118.26959318285472 34.080147834146835, -118.26958244551913 34.080140033716305, -118.26957165742009 34.08013228208082, -118.26956081964103 34.08012457923799, -118.26954993218196 34.080116925187674, -118.26953899504291 34.080109319929974, -118.26952800822384 34.08010176346487, -118.26951697389163 34.08009425578744, -118.26950588988521 34.08008679870561, -118.26949475836852 34.08007939131302, -118.26948357934165 34.08007203360964, -118.26947235172399 34.08006472649938, -118.26946107768244 34.080057469977355, -118.26944975721702 34.080050264043656, -118.2694383892442 34.08004310870066, -118.26942697593094 34.08003600394343, -118.26941551619959 34.08002895157753, -118.26940401112769 34.080021949797406, -118.26939246180463 34.0800150004037, -118.26938086606049 34.08000810249977, -118.26936922714859 34.080001256979784, -118.26935754289904 34.07999446294707, -118.26934581548457 34.07998772219985, -118.26933404490228 34.07998103383657, -118.26932223007164 34.07997439876113, -118.26931037315654 34.079967816067246, -118.26929847416285 34.079961287557886, -118.26928653200416 34.07995481233394, -118.26927454884742 34.07994839039056, -118.2692625246926 34.079942021727746, -118.26925045846201 34.07993570815099, -118.2692383523167 34.079929447852315, -118.26922620517911 34.07992324263725, -118.26921401812967 34.079917091601786, -118.26920179225478 34.07991099564505, -118.26918952647101 34.07990495476943, -118.26917722077533 34.07989896807342, -118.26916487734054 34.07989303735521, -118.26915249616364 34.079887161713245, -118.26914007616415 34.07988134205145, -118.26912761950884 34.07987557836505, -118.26911512511144 34.07986986975487, -118.26910259406115 34.07986421802151, -118.26909002743847 34.07985862226109, -118.26907742307947 34.079853083379916, -118.26906478423147 34.07984760046915, -118.269052109814 34.07984217443282, -118.26903939982697 34.07983680527086, -118.26902665644018 34.07983149388, -118.2690138785644 34.07982623845951, -118.26900106620832 34.079821041714055, -118.26898822044946 34.07981590183809, -118.2689753412908 34.07981081973313, -118.26894702441197 34.079805210343785, -118.26902480022 34.079691961662725, -118.26885805787055 34.079607525812534, -118.26871796103701 34.079855191651525, -118.26785191307805 34.07944297309976, -118.26799046027456 34.07921085952383, -118.26785094440807 34.079140496997965, -118.26778642451795 34.07924660425307, -118.26685544708329 34.07880899294069, -118.26663052415779 34.07885019916041, -118.26593374719054 34.078208511336584, -118.26622566107808 34.07769491769366, -118.26623082677263 34.07770169303744, -118.2662360573672 34.077708434881316, -118.26624135069501 34.07771514322999, -118.2662467067503 34.07772181628049, -118.26625212553309 34.077728454032794, -118.26625760704333 34.077735056486816, -118.26626315019482 34.0777416227435, -118.26626875390696 34.07774815370671, -118.26627442033802 34.07775464666708, -118.26628014732688 34.077761103432486, -118.26628593486784 34.077767522199764, -118.26629178187744 34.07777390297137, -118.26629768943911 34.077780245744925, -118.26630365646949 34.07778655052273, -118.26630968296278 34.077792815501795, -118.26631576783558 34.07779904068445, -118.26632191108794 34.077805226070744, -118.26632811163634 34.077811371663, -118.26633437056145 34.07781747655732, -118.26634068677976 34.07782354075608, -118.26634706028842 34.077829563357724, -118.26635348892063 34.0778355443671, -118.2663599748432 34.077841483779345, -118.26636651588356 34.077847379796154, -118.26637311204458 34.07785323331916, -118.2663797633263 34.07785904434825, -118.26638646972286 34.0778648110804, -118.26639322907042 34.077870534421876, -118.2664000424494 34.077876213468784, -118.2664069087765 34.07788184822352, -118.2664138291322 34.07788743778214, -118.26642080026339 34.07789298125029, -118.26642782434266 34.07789848042614, -118.26643489919736 34.07790393351159, -118.26644202590809 34.07790933960256, -118.2664492033943 34.07791469960305, -118.26645643056965 34.077920012613845, -118.26646370743418 34.07792527863494, -118.26647103290162 34.077930496767294, -118.26806849286305 34.078716743579946, -118.26801302800729 34.07883200484561, -118.26814574925226 34.0789023822652, -118.26828363129457 34.078675555510024, -118.26913625532227 34.07908890522598, -118.26898294125233 34.07935282568084, -118.26915984681646 34.07942875800486, -118.26925785118848 34.079267406157555, -118.26928619294169 34.07928785823364, -118.26930828097244 34.079299881402186, -118.26933032584304 34.07931195785327, -118.26935232972046 34.07932408758213, -118.26937429043777 34.07933627059358, -118.26939620907854 34.079348506885296, -118.26941808455922 34.07936079645968, -118.2694399168741 34.07937313751367, -118.26946170711531 34.079385532749505, -118.26948345310734 34.07939797946741, -118.26950515485598 34.07941047947051, -118.26952681344179 34.079423031854866, -118.26954842886192 34.07943563571899, -118.26956999895523 34.07944829287079, -118.26959152588296 34.07946100150236, -118.26961300748096 34.079473762520095, -118.26963444482995 34.079486575020155, -118.26965583792985 34.0794994390025, -118.26967718570015 34.079512355371065, -118.26969848705168 34.07952532232531, -118.26971974415709 34.07953834166342, -118.2697409559301 34.07955141248633, -118.26976212128436 34.079564533894995, -118.26978324130619 34.07957770678851, -118.26980431490928 34.079590930267806, -118.26982534209662 34.0796042052344, -118.26984632394577 34.07961752988286, -118.26986725829566 34.07963090602115, -118.2698881451435 34.079644332747726, -118.26990898557268 34.079657810060176, -118.26992977958027 34.079671337057036, -118.26995052608585 34.079684914642215, -118.2699712240059 34.07969854281825, -118.26999187550445 34.07971222067873, -118.27001247841461 34.07972594822859, -118.27003303381981 34.0797397254653, -118.27005354063671 34.07975355239148, -118.27007399886526 34.079767429007006, -118.27009440958598 34.079781354408034, -118.27011477063492 34.079795329500975, -118.27013508309557 34.07980935428337, -118.27015534696208 34.07982342695223, -118.2701755611569 34.07983754931304, -118.27019572567706 34.079851720464276, -118.27021584052254 34.07986594040604, -118.27023590677395 34.07988020823435, -118.27025592227022 34.07989452575714, -118.27027588700261 34.079908890269806, -118.27029580314385 34.07992330357069, -118.27031566744363 34.07993776566698, -118.27033548206302 34.07995227475089, -118.2703552459214 34.07996683172632, -118.27037495793547 34.07998143659579, -118.2703946191886 34.07999608935685, -118.2704142296779 34.08001078910799, -118.27043378940625 34.08002553675081, -118.27045329620395 34.0800403313886, -118.27047275223781 34.08005517301659, -118.27049215534093 34.08007006163966, -118.27051150768031 34.080084997252925, -118.27053080708895 34.08009997986131, -118.27055005356397 34.0801150085633, -118.27056924818885 34.08013008335646, -118.27058838988305 34.08014520514483, -118.2706074786436 34.08016037302687, -118.27060750498562 34.080168514699906)))",OPD 532
36,533,"MULTIPOLYGON (((-118.6006740677416 34.23023506121517, -118.59987417771039 34.23023902887563, -118.59986032900066 34.22831158890111, -118.60066020056647 34.22830762133223, -118.6006740677416 34.23023506121517)))",OPD 533
37,534,"MULTIPOLYGON (((-118.61030259027969 34.24298092397727, -118.60670978469136 34.242998986860044, -118.60654675148146 34.24237671422922, -118.61029816325403 34.24237540862767, -118.61030259027969 34.24298092397727)))",OPD 534
38,535,"MULTIPOLYGON (((-118.54476536439059 34.228699059010765, -118.53505589341387 34.22872226643226, -118.53324211404022 34.2290721744881, -118.52747943377649 34.22909742995347, -118.52749856474824 34.22829286994903, -118.53311591222341 34.22826825366555, -118.53490507479238 34.22785811954479, -118.54466273958818 34.22781459523178, -118.54466418279351 34.22803582039089, -118.54476352722986 34.2284174998018, -118.54476536439059 34.228699059010765)))",OPD 535
39,547,"MULTIPOLYGON (((-118.4598185147163 34.00547706751125, -118.45919399427794 34.00580754600359, -118.45843445100374 34.00488153572952, -118.45864062373772 34.004789178187266, -118.45885579679879 34.00459627131348, -118.45896740402605 34.00443360503516, -118.4598185147163 34.00547706751125)))",OPD 547
