,OBJECTID_1,OBJECTID,NAME,WADDRESS,DWEBSITE,DEMAIL,DPHONE,NC_ID,CERTIFIED,TOOLTIP,NLA_URL,SERVICE_RE,Sqmi,NC_Name,Population,Populati_1,White_pop,Black_pop,Ameri_es_p,Asian_pop,Hawn_pi_po,Hispanic_p,Other_pop,Multi_pop,Male_pop,Female_pop,Age_under5,Age_5_9,Age_10_14,Age_15_19,Age_20_24,Age_25_34,Age_35_44,Age_45_54,Age_55_64,Age_65_74,Age_75_84,Age_85_up,Median_age,Med_age_ma,Med_age_fe,Households,Avg_hh_siz,Househol_1,Hsehld_1_f,Marhh_chd,Marhh_no_c,Mhh_child,Fhh_child,Families,Avg_family,Housing_un,Vacant,Owner_occ,Renter_occ,Shape__Area,Shape__Length
0,1,1,LINCOLN HEIGHTS NC,http://www.lincolnheightsnc.org/,http://empowerla.org/LHNC,LHNC@EmpowerLA.org,213-978-1551,47,2002-04-27T00:00:00.000Z,LINCOLN HEIGHTS NC,navigatela/reports/nc_reports.cfm?id=47,REGION 8 - NORTH EAST LA,4.63754582743,LINCOLN HEIGHTS NC,6955.859137,7159.200312000001,2710.691071,509.3175246,68.78318136,1367.52974,4.92601872,4512.61238,2050.35234,244.25926119999997,3902.12365,3053.735486,410.49032880000004,382.5498278,442.8223585,665.8988687000001,614.2430847,1124.019528,1019.967309,915.8070791000001,640.8070037,396.3935497,245.86531150000002,96.99488866,3.148577617,3.007138654,3.2709128360000004,1720.9506829999998,0.27900066,161.53396850000001,180.5261495,429.3836907,327.88880839999996,73.33326052,203.8522699,1256.65478,0.324776151,1878.398476,157.4477929,614.6925514999999,1106.258131,0.0008028875208769999,0.13696534506240599
1,2,2,VOICES OF 90037, ,http://empowerla.org/VOICESOF90037,V9NC@EmpowerLA.org,213-978-1551,109,2008-06-16T00:00:00.000Z,VOICES OF 90037,navigatela/reports/nc_reports.cfm?id=109,REGION 9 - SOUTH LA 2,3.1807609067100002,VOICES OF 90037,3654.541521,3656.0204200000003,944.3817031,942.9585212000002,35.25379111,26.83936462,5.946105737999999,2617.696038,1540.153761,159.0082743,1809.3011,1845.2404199999999,315.32185760000004,285.06791,295.5165493,336.23749580000003,329.7026452,582.2433085,513.9867184999999,463.64507589999994,284.15277660000004,139.5224985,77.65154608,31.49313543,1.086450127,1.0435494840000001,1.133128472,957.1244412999998,0.135359197,79.29704173,96.38710595,245.277868,105.8506183,60.86564388,191.7968309,727.6675612,0.149758445,1039.541033,82.41659154,270.8098981,686.3145432,0.000551159617316,0.09634720942910001
2,3,3,LOS FELIZ NC,http://www.losfeliznc.org/,http://empowerla.org/LFNC,LFNC@EmpowerLA.org,213-978-1551,36,2002-06-11T00:00:00.000Z,LOS FELIZ NC,navigatela/reports/nc_reports.cfm?id=36,REGION 7 - EAST,13.3848188008,LOS FELIZ NC,1364.2308699999999,1369.691031,1001.40347,44.12542893,4.851485296,165.2663816,1.100834251,259.25868959999997,86.32620451,61.15706097,697.8531413,666.3777273,63.32055297,49.41599281,41.787937400000004,56.86979654,72.87137209,242.3986662,252.9975489,215.50844320000002,173.03243380000004,99.22868654,63.29211049,33.50732757,2.995586965,3.729789808,2.407973931,640.1254756,0.13337338199999998,131.6509461,116.4076937,81.51887345,127.74338440000001,14.24822016,26.12996859,293.8918657,0.161672325,685.7026724,45.57719679,288.04746,352.0780106,0.0023157235225429998,0.311623498172792
3,4,4,MISSION HILLS NC,http://mhnconline.org/,http://empowerla.org/MHNC,MHNC@EmpowerLA.org,213-978-1551,101,2005-04-19T00:00:00.000Z,MISSION HILLS NC,navigatela/reports/nc_reports.cfm?id=101,REGION 1 - NORTH EAST VALLEY,5.27901202904,MISSION HILLS NC,4362.890317,4410.00002,2265.29719,129.9692987,37.86357145,436.4713147,5.115838407,3035.970021,1303.71921,184.4539,2136.144521,2226.745797,284.77504289999996,288.4432633,297.3758643,361.7626717,325.5859596,621.4114248999999,596.2693956,567.3739012999999,432.68166799999995,256.1574582,188.5816619,142.47200569999998,2.375140987,2.28692585,1.919982605,1120.1191199999998,0.322149872,73.74688409,92.78597136,357.7042328,259.63509780000004,50.78800985,99.22054659,890.1556185000001,0.210512781,1173.49898,53.37985944,789.7119574,330.4071619,0.0009118183556889998,0.144986172971449
4,5,5,GREATER TOLUCA LAKE NC,http://www.gtlnc.org/,http://empowerla.org/GTLNC,GTLNC@EmpowerLA.org,213-978-1551,28,2002-09-10T00:00:00.000Z,GREATER TOLUCA LAKE NC,navigatela/reports/nc_reports.cfm?id=28,REGION 4 - SOUTH EAST VALLEY,2.19880393458,GREATER TOLUCA LAKE NC,6848.595829999999,6971.52561,5150.545718,405.4250139,32.30747238,549.4696043,7.069900723,1144.816315,383.7431585,320.03495860000004,3463.863548,3384.7322799999997,302.8168481,230.16278450000001,223.68632209999998,246.3681028,569.7914185,1562.14376,1296.98628,989.0084137,770.9897261,360.425995,196.7185574,99.49761819,4.174928284,4.158718489,4.192032446,3559.82253,0.214477102,775.0277007999999,795.28902,385.3048675,553.3712061000001,50.78843891,145.3934311,1341.3044300000001,0.297831621,4047.534933,487.7123987,1160.9355779999999,2398.8869600000003,0.000380306367106,0.12188016276045001
5,6,6,SOUTH CENTRAL NC, ,http://empowerla.org/SOUTHCENTRALNC,SouthCentralNC@EmpowerLA.org,213-978-1551,78,2003-06-24T00:00:00.000Z,SOUTH CENTRAL NC,navigatela/reports/nc_reports.cfm?id=78,REGION 9 - SOUTH LA 2,3.7906030403300006,SOUTH CENTRAL NC,4909.156364,5014.62075,2274.18039,450.9090444,39.06147144,417.6627544,1.835871779,2800.83588,1484.419223,241.08760890000002,2625.109926,2284.04644,280.55505330000005,249.85452030000002,264.8572041,986.6186226,560.1986089,776.0965962,713.5954272999999,525.746613,322.1127867,140.382928,62.03348893,27.10451477,3.173358013,3.2830792769999997,3.051761305,1332.70144,0.32830039699999997,327.23267000000004,145.5845983,247.1624582,141.14982990000001,58.72698951,110.4700582,645.2096738,0.36239935,1470.34626,137.644822,255.73629669999997,1076.96514,0.0006566634999669999,0.11674522664956599
6,7,7,SUNLAND-TUJUNGA NC,http://stnc.org/,http://empowerla.org/STNC,STNC@EmpowerLA.org,213-978-1551,10,2003-05-27T00:00:00.000Z,SUNLAND-TUJUNGA NC,navigatela/reports/nc_reports.cfm?id=10,REGION 1 - NORTH EAST VALLEY,17.514098209700002,SUNLAND-TUJUNGA NC,3333.872644,3365.5264079999997,2496.31813,96.36521839,14.93954101,349.31660739999995,2.507081711,674.9843684,244.5529042,129.8731634,1664.479215,1669.39343,128.7641351,133.2266817,199.5438239,218.52863440000002,189.53672509999998,383.22513349999997,378.5105833,664.7813832,578.2433647,281.30460560000006,129.2838905,48.92368337,7.943560006,7.812945328,8.150724781000001,1212.947402,0.472566175,143.5360576,149.0474897,272.3661582,408.1280396,25.75476675,45.40550163,846.8459108999999,0.499046724,1406.36415,193.4167458,924.4479764,288.49942569999996,0.003025377204267,0.304097881386903
7,8,8,,http://www.picounionnc.org/,http://empowerla.org/PUNC,PUNC@EmpowerLA.org,213-978-1551,76,2003-06-03T00:00:00.000Z,PICO UNION NC,navigatela/reports/nc_reports.cfm?id=76,REGION 6 - CENTRAL 2,2.34028268655,PICO UNION NC,3355.5882579999998,3374.6017799999995,1128.936776,144.0994061,38.10360287,480.77624349999996,3.305489474,2633.9177600000003,1407.205195,153.16154530000003,1696.2007879999999,1659.387471,244.8176273,223.787825,225.5429671,262.9365154,273.9435628,560.5189158,504.316748,441.7092797,318.5466024,171.9670826,93.03855495,34.46257731,1.272828169,1.230351177,1.32372334,1023.5379519999999,0.126827727,105.40189879999998,116.27285630000002,239.2150519,168.9034486,56.69657106,127.7998793,723.3897211,0.144406184,1099.720632,76.18268004,125.05408359999998,898.4838679999999,0.000405293026006,0.08542667829226401
8,9,9,FOOTHILL TRAILS DISTRICT NC,http://www.ftdnc.org/,http://empowerla.org/FTDNC,FTDNC@EmpowerLA.org,213-978-1551,9,2003-03-25T00:00:00.000Z,FOOTHILL TRAILS DISTRICT NC,navigatela/reports/nc_reports.cfm?id=9,REGION 1 - NORTH EAST VALLEY,28.382047361799998,FOOTHILL TRAILS DISTRICT NC,5962.868547,6053.54482,4286.9640229999995,186.71614230000003,61.24641635,501.38147689999994,7.543027221,1878.28235,722.0517531,196.9657079,2930.584092,3032.284455,298.4264725,312.7501361,391.85883870000004,416.7435893,392.2461457,672.9442412000001,723.7285307999999,1031.4813800000002,878.4475,437.47203279999997,268.6859021,138.0837768,5.975534625,5.920450499999999,6.066303464,1985.1667699999998,0.41943170799999996,219.4544549,221.28818450000003,506.95368219999995,598.6025749,50.69647777,103.05347590000001,1407.9950019999999,0.500877845,2143.720748,158.5539743,1524.26979,460.8969808,0.0049029810436420004,0.575606344489131
9,10,10,TARZANA NC,http://www.tarzananc.org/,http://empowerla.org/TNC,TNC@EmpowerLA.org,213-978-1551,17,2003-01-14T00:00:00.000Z,TARZANA NC,navigatela/reports/nc_reports.cfm?id=17,REGION 3 - SOUTH WEST VALLEY,11.577571922899999,TARZANA NC,6996.8404900000005,6931.478,5846.11937,172.6004799,7.753629697999999,413.3045812,5.806225671,650.1668634,226.07344019999996,325.1827639,3393.27461,3603.5658770000005,324.94863139999995,411.53785,477.6859228,431.0460903,306.77556880000003,568.7270467999999,836.2836652000001,1145.00798,1113.300124,722.4324105000001,463.8676948,195.2274981,4.563414078,4.604796027,4.535481229,2547.283637,0.240353142,191.8665074,258.82189,679.1370345,975.3670588,53.78353644,103.7188306,1986.3211,0.283392865,2649.8110100000004,102.5273686,2118.77805,428.50558330000007,0.002002329073775,0.19333073986366298
10,11,11,PACOIMA NC,http://pacoimanc.com/,http://empowerla.org/PNC,PNC@EmpowerLA.org,213-978-1551,7,2002-03-07T00:00:00.000Z,PACOIMA NC,navigatela/reports/nc_reports.cfm?id=7,REGION 1 - NORTH EAST VALLEY,10.9689828275,PACOIMA NC,3829.05969,3892.8643700000002,1816.5009289999998,233.64562709999998,30.17327011,158.074671,6.0676494210000005,3054.466629,1433.538368,151.0591757,1929.3947679999999,1899.66492,325.86500950000004,313.6712068,311.1681857,341.7440316,319.3701671,589.6945594,567.2270247,457.7144715,320.1653683,167.0432794,84.05772950000001,31.33865652,1.27614516,1.188054567,1.3169075559999999,913.6603908,0.16228363099999998,62.20599906,59.24881313,325.5356268,154.5254747,57.54616021,112.9549097,740.4832935,0.167188119,967.8829159,54.22252517,542.4621973999999,371.1981933,0.0018946532654809999,0.202993844351493
11,12,12,RESEDA NC,http://www.resedacouncil.org/,http://empowerla.org/RNC,RNC@EmpowerLA.org,213-978-1551,15,2002-10-08T00:00:00.000Z,RESEDA NC,navigatela/reports/nc_reports.cfm?id=15,REGION 3 - SOUTH WEST VALLEY,8.608730272419999,RESEDA NC,5386.559389999999,5384.8272,2887.134973,206.05115880000002,33.22513927,714.5477775,6.32718272,2644.654735,1262.935467,276.3376879,2659.68529,2726.874096,358.7152401,334.9670631,362.26895310000003,403.7863043,404.739393,773.7483251,824.9310527000001,759.2933469,556.6912062000001,291.1227704,197.3782147,118.91751640000001,1.624066786,1.592292561,1.638286985,1623.70085,0.13400895599999998,140.6687546,173.01336469999998,454.3834851,369.6730183,63.2055366,136.0821109,1185.90389,0.150796181,1711.07595,87.37509552,889.8811955,733.8196585,0.001488070680807,0.155569209562822
12,13,13,MID-TOWN NORTH HOLLYWOOD NC,http://www.midtownnoho.org/,http://empowerla.org/MTNHNC,MTNHNC@EmpowerLA.org,213-978-1551,24,2002-09-24T00:00:00.000Z,MID-TOWN NORTH HOLLYWOOD NC,navigatela/reports/nc_reports.cfm?id=24,REGION 4 - SOUTH EAST VALLEY,6.9353069209500005,MID-TOWN NORTH HOLLYWOOD NC,3620.566439,3680.910507,2240.17868,188.40143899999998,25.81727304,251.8114295,5.9557850210000005,1647.58402,735.5219636,172.8798641,1811.978406,1808.5880329999998,216.42885840000002,187.8142499,193.1294441,215.67755490000002,285.4507456,715.7743696,616.1447003999999,510.4627631,355.3947632,180.6266263,100.19953520000001,43.46282832,0.93442693,0.921640564,0.946823544,1440.63974,0.067725439,221.79687169999997,233.2659741,252.46738509999997,247.7481732,43.94085097,106.10207720000001,772.3147713,0.084429495,1536.79284,96.15310473,458.0157454,982.6239949999999,0.001199176164164,0.157199432648084
13,14,14,NORTH HOLLYWOOD NORTHEAST NC,http://www.nhnenc.org/,http://empowerla.org/NHNENC,NHNENC@EmpowerLA.org,213-978-1551,23,2002-09-24T00:00:00.000Z,NORTH HOLLYWOOD NORTHEAST NC,navigatela/reports/nc_reports.cfm?id=23,REGION 4 - SOUTH EAST VALLEY,4.41983667703,NORTH HOLLYWOOD NORTHEAST NC,5877.709071,5895.7428,2848.35574,179.9093729,43.46011825,588.1952372000001,9.997797586,3973.3261939999998,1956.725156,251.0656534,2963.12572,2914.58335,438.4082285,397.6035986,428.9446793000001,489.7209166,483.9222199,959.3647948999999,819.0748311000001,791.2517004,580.2263671000001,279.82419669999996,151.1593459,58.20819207,1.8365611469999998,1.775521938,1.899409006,1649.57682,0.20342017899999998,150.8098419,148.4877741,472.01093899999995,313.4468392,84.81819597,191.8720624,1238.143763,0.22442198,1730.3769100000002,80.80009424,680.9308962,968.6459235,0.000763972950153,0.145941580408405
14,15,15,WILMINGTON NC,http://www.wilmingtonneighborhoodcouncil.com/,http://empowerla.org/WILMINGTON,WilmingtonNC@EmpowerLA.org,213-978-1551,93,2001-12-11T00:00:00.000Z,WILMINGTON NC,navigatela/reports/nc_reports.cfm?id=93,REGION 12 - HARBOR,20.689602556700002,WILMINGTON NC,3366.1746409999996,3520.78185,1795.6125170000003,441.8244602,57.73925963,232.74494380000002,53.32158837,1470.034136,614.9311962,170.0006757,2473.689592,892.4850492,112.27717890000001,111.0674007,108.36781840000002,171.34189469999998,227.337489,537.1407373,670.8581974,637.255902,455.2726442,229.32591490000001,89.27628680000001,16.65317662,2.2522734769999997,2.266982414,2.248247019,704.7713002,0.108754225,214.7260339,61.17413941,123.1265425,157.7795965,20.61533129,53.99457409,398.3039159,0.180419362,946.7423700999999,241.97107000000003,413.84722630000005,290.9240738,0.00359461148355,0.545766452104943
15,16,16,NC WESTCHESTER/PLAYA,http://www.ncwpdr.org/,http://empowerla.org/NCWP,NCWP@EmpowerLA.org,213-978-1551,71,2002-03-12T00:00:00.000Z,NC WESTCHESTER/PLAYA,navigatela/reports/nc_reports.cfm?id=71,REGION 11 - WEST LA,20.8783268319,NC WESTCHESTER/PLAYA,2351.53243,2374.97651,1338.63608,372.6856993,7.696922327999999,357.7943939,6.010876493,378.74153839999997,127.7760514,140.9324014,1122.5396,1228.9928289999998,140.2429203,83.1552692,77.92708470000001,121.0467519,203.99991719999997,509.70477180000006,407.80628939999997,303.5494422,238.4800429,144.1138247,79.7829381,41.72317651,0.897212662,1.019352895,0.897798825,1112.4953,0.041542769,189.0605263,242.28609790000002,150.2841159,240.25307030000002,18.46501647,50.70983737,529.256118,0.04545909,1185.334867,72.83956717,522.6449037,589.8503957,0.003619593087706,0.363425375459774
16,17,17,WEST ADAMS NC,http://www.westadamsnc.org/,http://empowerla.org/WANC,WANC@EmpowerLA.org,213-978-1551,75,2002-02-19T00:00:00.000Z,WEST ADAMS NC,navigatela/reports/nc_reports.cfm?id=75,REGION 10 - SOUTH LA 1,3.16365699389,WEST ADAMS NC,3583.0541020000005,3615.261507,1016.9126259999999,1341.507053,26.38470472,250.86888330000002,6.1910536039999995,1423.026425,737.4124089,203.7773726,1693.281604,1889.772497,211.0053815,210.91876769999996,230.98846699999999,254.17395299999998,241.6991008,493.0767228,498.2945115,510.06037879999997,422.9766613,257.2114102,170.55323700000002,82.09551019,2.291522306,2.150986028,2.398865133,1320.69621,0.15311941199999998,147.4110021,226.45948739999997,237.7564199,258.3358351,43.42933327,148.634759,858.5224923000001,0.186882152,1393.7300599999999,73.03384992,671.1300553,649.56616,0.000547998011143,0.117960788420345
17,18,18,VAN NUYS NC,http://www.vnnc.org/,http://empowerla.org/VNNC,VNNC@EmpowerLA.org,213-978-1551,20,2002-07-23T00:00:00.000Z,VAN NUYS NC,navigatela/reports/nc_reports.cfm?id=20,REGION 4 - SOUTH EAST VALLEY,8.76316497723,VAN NUYS NC,4960.2234,5026.3067,2845.231278,247.8505037,33.31151085,456.88259239999996,5.656485085,2428.66779,1137.5026699999999,233.7883543,2451.14567,2509.077732,365.1082422,301.9551187,303.16000510000003,333.5912131,361.8779747,838.2995638,807.3851073,673.7259637999999,479.06277,249.2805859,154.5757196,92.20113518,1.715477619,1.716335828,1.691747189,1694.3168,0.13083363,192.6968023,233.0932347,408.9539463,321.0782803,67.68323407,144.63155930000002,1096.3237900000001,0.15218446,1806.978795,112.6619915,653.0227624,1041.294041,0.00151493801809,0.184489223324925
18,19,19,"UNITED NEIGHBORHOODS OF THE HISTORIC ARLINGTON HEIGHTS, WEST ADAMS, AND JEFFERSON PARK COMMUNITY",http://www.unnc.org/index.html,http://empowerla.org/UNNC,UNNC@EmpowerLA.org,213-978-1551,74,2002-05-14T00:00:00.000Z,"UNITED NEIGHBORHOODS OF THE HISTORIC ARLINGTON HEIGHTS, WEST ADAMS, AND JEFFERSON PARK COMMUNITY",navigatela/reports/nc_reports.cfm?id=74,REGION 10 - SOUTH LA 1,4.04369015206,"UNITED NEIGHBORHOODS OF THE HISTORIC ARLINGTON HEIGHTS, WEST ADAMS, AND JEFFERSON PARK COMMUNITY",4599.2119,4641.59198,1179.73954,1250.6622619999998,43.26373943,553.82673,4.509240826,2531.5810579999998,1353.733917,213.47646469999998,2220.366365,2378.845534,310.40903010000005,291.35954489999995,295.02997039999997,332.16095,341.25863589999994,698.2016064,653.0924751,637.4969308999999,491.57248899999996,274.425039,176.00301240000002,98.20221495,1.217832495,1.150361397,1.276610236,1512.541126,0.09923799300000001,164.5702105,230.0799758,302.6526361,246.02311490000002,66.08760247,194.97304609999998,1013.3714,0.11729517099999999,1619.913223,107.3720969,455.68495650000006,1056.85617,0.0007003749803969999,0.119455172327238
19,20,20,EMPOWERMENT CONGRESS SOUTHWEST AREA NDC,http://southwestnc.org/,http://empowerla.org/ECSWANDC,ECSWANDC@EmpowerLA.org,213-978-1551,84,2002-03-23T00:00:00.000Z,EMPOWERMENT CONGRESS SOUTHWEST AREA NDC,navigatela/reports/nc_reports.cfm?id=84,REGION 9 - SOUTH LA 2,3.89061990982,EMPOWERMENT CONGRESS SOUTHWEST AREA NDC,3081.7334079999996,3080.257896,400.63356739999995,1911.611355,15.93151611,13.19138531,5.25328971,1090.61241,634.8410522,100.2712425,1419.1680800000001,1662.565333,219.49642110000002,212.01950159999998,233.49133199999997,259.50087,225.3408002,384.0768655,397.726386,438.77370819999993,322.37548,216.9698299,127.008307,44.95391103,1.298652717,1.201048257,1.3742213069999998,1032.71985,0.10607276300000001,105.11551429999999,167.1508884,174.0436456,145.497644,46.05264824,187.06986650000002,711.0775636,0.124773185,1100.14601,67.42616014,503.49673319999994,529.223115,0.0006744516219899999,0.12489511392167801
20,21,21,SUN VALLEY AREA NC,http://svanc.org/,http://empowerla.org/SVANC,SVANC@EmpowerLA.org,213-978-1551,8,2002-05-07T00:00:00.000Z,SUN VALLEY AREA NC,navigatela/reports/nc_reports.cfm?id=8,REGION 1 - NORTH EAST VALLEY,12.7721265575,SUN VALLEY AREA NC,6664.83343,6764.69782,4247.2218060000005,129.7872182,40.61890391,611.2524947,14.34802579,3017.83672,1371.97768,249.62730180000003,3273.164239,3391.66919,397.38589360000003,376.42857050000003,428.5849699,507.4803087,483.752783,856.7993146,868.1120073999999,1014.5311039999999,817.74302,492.2103973,270.64261610000005,151.1624401,1.997196081,1.907081768,2.052620491,2005.48347,0.176969739,183.1625105,196.31760319999998,516.8569572,543.5870194,69.84584785,164.0062206,1486.752132,0.193727762,2111.09486,105.61139070000002,1381.416406,624.0670666,0.0022071203425179996,0.272928329933252
21,22,22,ELYSIAN VALLEY RIVERSIDE NC, ,http://empowerla.org/EVRNC,EVRNC@EmpowerLA.org,213-978-1551,43,2002-07-09T00:00:00.000Z,ELYSIAN VALLEY RIVERSIDE NC,navigatela/reports/nc_reports.cfm?id=43,REGION 7 - EAST,1.0602917332200001,ELYSIAN VALLEY RIVERSIDE NC,19435.050740000002,19510.64543,9272.073840000001,334.53209669999995,171.1624254,4089.81802,24.22758312,10984.58805,4674.40538,868.8313947,9735.6094,9699.441331,1127.19437,1093.206192,1109.92704,1305.6277599999999,1362.1278949999999,3302.2662600000003,3284.85156,2629.86061,2101.00932,1248.21044,627.23118,243.53811119999997,21.03240112,20.41999363,21.49783791,6646.540747,1.557080227,777.5927902000001,776.7443112000001,1491.075221,1315.7554699999998,245.35078959999998,514.7611178999999,4262.78622,1.8859945969999998,7124.555884,478.0151369,2688.011097,3958.52965,0.00018350698246600002,0.09057859479952099
22,23,23,P.I.C.O. NC,http://piconc.com/,http://empowerla.org/PICO,PICO@EmpowerLA.org,213-978-1551,60,2002-03-12T00:00:00.000Z,P.I.C.O. NC,navigatela/reports/nc_reports.cfm?id=60,REGION 5 - CENTRAL 1,2.6363939746000002,P.I.C.O. NC,3839.0901299999996,3903.00957,1852.13962,935.934298,25.87029965,346.32838260000005,4.817357212,967.2948103,469.6945774,204.3055945,1837.41206,2001.67807,212.820844,184.0219173,180.98128469999997,185.2264983,235.4441986,709.5775325000001,681.0205331000001,544.274523,432.3938573,248.9194048,147.8607749,76.54876121,1.8729064619999998,1.813224685,1.9336976769999998,1671.84509,0.114921785,249.7175234,357.9235662,244.56406529999998,283.459994,35.64046307,117.03406409999998,831.94323,0.15118743099999998,1803.51994,131.6748506,589.4754076,1082.369682,0.00045654761720499996,0.103791406981975
23,24,24,NORTHWEST SAN PEDRO NC,http://www.nwsanpedro.org/,http://empowerla.org/NWSPNC,NWSPNC@EmpowerLA.org,213-978-1551,94,2002-02-12T00:00:00.000Z,NORTHWEST SAN PEDRO NC,navigatela/reports/nc_reports.cfm?id=94,REGION 12 - HARBOR,5.50924473347,NORTHWEST SAN PEDRO NC,9004.85412,9382.387316,5541.623807999999,1165.858265,152.7430157,576.452712,109.5759249,2871.92681,994.3788768,464.2215168000001,6590.59017,2414.263946,237.8201,247.6610171,244.0137957,385.88245919999997,525.5295925,1340.59175,1824.9101649999998,1782.274905,1286.84937,721.6656039,310.0758693,97.57948733,5.969747311,5.9090630079999995,6.594735952000001,2072.802991,0.29130074100000003,519.6878036999999,241.5591617,336.62858989999995,596.7117617,42.10968816,114.56701399999999,1220.96633,0.38744285799999995,2709.1877,636.3847088,1455.9741800000002,616.8288071000001,0.000957351956004,0.238687843925075
24,25,25,MID CITY WEST CC,http://www.midcitywest.org/,http://empowerla.org/MCWCC,MCWCC@EmpowerLA.org,213-978-1551,58,2002-06-25T00:00:00.000Z,MID CITY WEST CC,navigatela/reports/nc_reports.cfm?id=58,REGION 5 - CENTRAL 1,6.0317499865699995,MID CITY WEST CC,2187.66135,2210.315203,1655.39205,144.7331284,5.901220287999999,224.66255180000002,2.003228259,209.59889280000002,66.77602758,88.19314714,1068.903323,1118.75803,101.8909113,74.51599937,66.90311967,62.23881731,139.5421923,518.8910618,405.0224311,280.7794238,226.50733959999997,138.4986264,101.49790959999999,71.37351717,0.7890630190000001,0.7893101240000001,0.7881461129999999,1147.7123199999999,0.040147711,250.22772519999998,304.00973619999996,115.3897898,176.35284309999997,10.43252791,33.68911596,395.6089538,0.058595873,1243.562556,95.85023065,305.3018228,842.4105026000001,0.001044240728334,0.192717530345339
25,26,26,MAR VISTA CC,http://marvistacc.org/,http://empowerla.org/MVCC,MVCC@EmpowerLA.org,213-978-1551,67,2002-08-13T00:00:00.000Z,MAR VISTA CC,navigatela/reports/nc_reports.cfm?id=67,REGION 11 - WEST LA,6.090201047560001,MAR VISTA CC,3061.35804,3062.0338699999998,1916.9288199999999,134.4419,19.24060454,540.8804726,6.049432774,695.4967187000001,286.1132133,157.70359380000002,1524.5243679999999,1536.8336689999999,164.12668349999998,132.32152040000003,126.22818590000001,133.1631608,219.1506875,637.3024231,506.8006716,417.5413635,351.8715042,194.26868340000001,119.74349129999999,58.83966146,0.9845693659999999,0.965195093,1.004431828,1367.826393,0.056956457,232.8645923,251.2086333,219.0885587,280.7150135,24.0790069,58.36780773,673.2882939,0.073603962,1494.66909,126.842697,519.7497834,848.0766099,0.0010550884217080002,0.168986104579302
26,27,27,HISTORIC CULTURAL NC,http://www.hcncla.org/,http://empowerla.org/HCNC,HCNC@EmpowerLA.org,213-978-1551,46,2002-04-27T00:00:00.000Z,HISTORIC CULTURAL NC,navigatela/reports/nc_reports.cfm?id=46,REGION 6 - CENTRAL 2,3.4884289281800003,HISTORIC CULTURAL NC,7229.94831,7443.912223,2705.754476,1068.795139,55.80973657,2236.53239,7.711698264,2074.802426,922.8456373,232.49923880000003,4645.4458079999995,2584.502507,205.2889884,184.7398196,196.628266,297.35983210000006,628.1100591000001,1627.6412300000002,1441.78338,1166.092427,745.2277623,388.9154456,239.8515696,108.3095425,6.55770592,6.475798419,6.570678452,2621.24102,0.344578406,806.2345686000001,458.9112828,249.4122034,403.7590074,39.26883898,96.87121623,956.6300507999999,0.46496328299999995,2954.932232,333.69121160000003,584.2594469,2036.981574,0.000604027193503,0.162245678671933
27,28,28,HARBOR CITY NC,http://www.harborcitync.com/index.html,http://empowerla.org/HARBORCITYNC,HarborCityNC@EmpowerLA.org,213-978-1551,92,2002-03-26T00:00:00.000Z,HARBOR CITY NC,navigatela/reports/nc_reports.cfm?id=92,REGION 12 - HARBOR,3.5505776728699994,HARBOR CITY NC,5540.58945,5726.09891,2350.398163,648.4745721,45.64236315,940.6728598999999,77.51604019,2530.485168,1173.041086,304.8443671,2669.74064,2870.84881,394.0835521,356.2659643,332.94570219999997,493.0844073,526.9049217,793.7885173,728.3387937000001,729.4425229,553.1264852999999,330.66326580000003,215.0195921,86.92572693,3.631379533,3.625083833,3.667863102,1754.1798379999998,0.329574357,171.5342636,211.1811872,419.2446909,402.2042723,64.77544867,191.2205705,1265.44455,0.386427746,2304.80824,550.6284013,915.9905732999999,838.1892644,0.000616712702367,0.137098822959536
28,29,29,VENICE NC,http://www.venicenc.org/,http://empowerla.org/VNC,VeniceNC@EmpowerLA.org,213-978-1551,68,2002-03-12T00:00:00.000Z,VENICE NC,navigatela/reports/nc_reports.cfm?id=68,REGION 11 - WEST LA,4.6685319254,VENICE NC,3153.180315,3133.196186,2423.51776,125.9852223,14.59344028,283.6674636,6.35302205,453.6263984,153.89986000000002,145.1635452,1581.047614,1572.132701,144.05512140000002,103.8963282,90.44665653,90.36710581,159.10676519999998,617.2655779,576.8856821,457.92340599999994,414.1626617,273.9947587,154.37268999999998,70.70356554,1.5345267230000001,1.530877269,1.539051437,1628.6201199999998,0.074074614,356.1970807,349.673647,173.6876923,351.54925039999995,22.6226741,48.79306415,679.2269695,0.09950177,1855.934843,227.3147174,684.9270893999999,943.6930358,0.0008090083176739998,0.189774190423434
29,30,30,EMPOWERMENT CONGRESS NORTH AREA NDC,http://www.nandc.org/,http://empowerla.org/ECNANDC,ECNANDC@EmpowerLA.org,213-978-1551,77,2002-04-27T00:00:00.000Z,EMPOWERMENT CONGRESS NORTH AREA NDC,navigatela/reports/nc_reports.cfm?id=77,REGION 10 - SOUTH LA 1,5.5881618065100005,EMPOWERMENT CONGRESS NORTH AREA NDC,3660.4573299999997,3684.9837509999998,1227.725165,799.0880243,28.08052147,389.89011419999997,5.907736375,1883.57888,1014.76941,194.9963524,1785.112255,1875.3450699999999,202.1904066,187.7334519,202.48455780000003,737.2570376,556.0725596,471.8062551,396.0029548,364.6538829,252.29230299999998,149.1803396,93.75610244,47.0274762,0.733006605,0.705332124,0.762320537,931.9212574,0.075681027,110.52851880000001,131.0766081,176.90818480000002,108.29623729999999,43.19814808,134.1254798,566.5242889,0.08788040800000001,995.1506062000001,63.22934881,221.14029440000002,710.780963,0.0009680033135739999,0.13644314180262
30,31,31,COASTAL SAN PEDRO NC,http://www.cspnc.org/,http://empowerla.org/CSPNC,CSPNC@EmpowerLA.org,213-978-1551,96,2001-12-11T00:00:00.000Z,COASTAL SAN PEDRO NC,navigatela/reports/nc_reports.cfm?id=96,REGION 12 - HARBOR,5.182587182880001,COASTAL SAN PEDRO NC,4589.610404999999,4716.8271,3055.7275600000003,443.8507823,61.07768383,331.14750939999993,37.67216195,1246.5615699999998,425.0042345,235.13047450000002,3029.305252,1560.30515,146.4652858,159.7755747,163.96852909999998,186.3002834,207.27318390000002,595.5696877,818.6492850999999,872.1312884,687.7203238,424.5147236,232.1849546,95.05728511,3.622786147,3.5469347680000003,3.9247076589999996,1396.178432,0.166290674,278.4582171,200.422407,221.0938398,435.49333600000006,30.15120929,72.33990438,845.93067,0.217267753,1588.114031,191.9355997,873.8691620999999,522.3092696,0.0009009433056239999,0.241633140023151
31,32,32,CENTRAL HOLLYWOOD NC,http://www.chnc.org/,http://empowerla.org/CHNC,CHNC@EmpowerLA.org,213-978-1551,32,2002-04-09T00:00:00.000Z,CENTRAL HOLLYWOOD NC,navigatela/reports/nc_reports.cfm?id=32,REGION 5 - CENTRAL 1,1.7965874395200003,CENTRAL HOLLYWOOD NC,3639.8901539999997,3788.817664,2513.3814239999997,237.9380083,19.66438226,296.21020469999996,7.246177031,911.7277214,410.3484837,155.1014744,1987.82178,1652.068375,118.715857,93.29233868,99.92972297,149.757336,381.9688345,1029.56676,653.8825924,422.80458430000004,311.63783670000004,189.33587859999997,129.52805690000002,59.47035235,2.39356383,2.400294489,2.384516987,1925.9155899999998,0.125677225,562.9252021000001,440.53594789999994,136.27674299999998,221.55693870000002,19.93456666,57.33262339,538.8927635,0.197577532,2175.2193079999997,249.3037176,224.2700184,1701.64557,0.000310955008672,0.079163998726998
32,33,33,EMPOWERMENT CONGRESS CENTRAL AREA NDC, ,http://empowerla.org/ECCANDC,ECCANDC@EmpowerLA.org,213-978-1551,81,2002-03-23T00:00:00.000Z,EMPOWERMENT CONGRESS CENTRAL AREA NDC,navigatela/reports/nc_reports.cfm?id=81,REGION 10 - SOUTH LA 1,4.12895809516,EMPOWERMENT CONGRESS CENTRAL AREA NDC,2893.855454,2898.9935609999998,553.0812724,1285.68815,19.839385699999998,24.82152494,1.8444999219999998,1522.614775,883.6127531999999,124.9678697,1372.8083900000001,1521.0470599999999,211.78149950000002,205.372715,224.21173990000003,260.6307528,232.43211580000002,399.2172251,393.44516830000003,405.7419034,274.80311560000007,156.42218490000002,94.96366126,34.833372,0.908713452,0.83553851,0.972832313,839.5150758999999,0.094299963,69.02431871,108.6353213,183.2067757,113.90592930000001,41.10941119,154.9839245,622.3965994,0.106798923,901.0251619,61.51008605,420.78622699999994,418.72884889999995,0.00071550709913,0.125850465494937
33,34,34,CENTRAL SAN PEDRO NC,http://centralsanpedro.org/,http://empowerla.org/CENTRALSPNC,CentralSPNC@EmpowerLA.org,213-978-1551,95,2002-02-12T00:00:00.000Z,CENTRAL SAN PEDRO NC,navigatela/reports/nc_reports.cfm?id=95,REGION 12 - HARBOR,3.1388579599199997,CENTRAL SAN PEDRO NC,11755.96112,12323.225770000001,6773.92583,1782.7940210000002,250.3503188,528.4191252,163.7208885,4468.851431,1654.94953,601.8014113,9646.6345,2109.32663,222.74452730000002,217.65832059999997,217.30038059999998,337.5453288,578.8802944,2003.0155809999999,2750.8250329999996,2510.37505,1720.6772600000002,870.0665234999999,278.4628264,48.40999705,7.825854539,7.71456252,8.950819839,2231.1286379999997,0.32118212100000004,817.4342723,253.95312689999997,235.32816,517.5709044,43.02616901,146.15831269999998,1059.86974,0.46425769299999997,2791.985618,560.8569807,1300.584174,930.5444641,0.000545528995872,0.14847602879963598
34,35,35,CANOGA PARK NC,http://www.canogaparknc.org/,http://empowerla.org/CPNC,CPNC@EmpowerLA.org,213-978-1551,13,2002-06-18T00:00:00.000Z,CANOGA PARK NC,navigatela/reports/nc_reports.cfm?id=13,REGION 3 - SOUTH WEST VALLEY,5.4072445067,CANOGA PARK NC,8535.380305,8706.346845999999,4899.97821,408.9713255,51.36278346,1208.766662,10.89964435,3324.66144,1532.8644199999999,422.5372574,4226.56502,4308.815286,525.1496572,511.90963330000005,529.4722551,583.0144445000001,627.0904027,1267.479117,1247.627298,1252.6014189999999,928.4917388,566.5692341,338.3219759,157.65312930000002,2.449960134,2.324201838,2.5630416080000002,2980.381061,0.184040774,312.3350167,406.909358,696.4115166,713.7502986000001,106.45018329999999,226.6570778,2017.6525199999999,0.214500305,3139.781516,159.4004549,1519.117878,1461.263183,0.0009345779903919999,0.13656606799132098
35,36,36,BOYLE HEIGHTS NC,http://bhnc.net/,http://empowerla.org/BHNC,BHNC@EmpowerLA.org,213-978-1551,50,2002-05-21T00:00:00.000Z,BOYLE HEIGHTS NC,navigatela/reports/nc_reports.cfm?id=50,REGION 8 - NORTH EAST LA,8.366427280289999,BOYLE HEIGHTS NC,4140.20989,4233.693406,2034.902884,201.47022909999998,44.77684365,382.3404467,1.6263909490000001,2897.20932,1318.178613,156.9144844,2174.011246,1966.198646,260.3336198,241.5169179,274.77930289999995,380.32870130000003,327.24127819999995,732.1440007,659.9374863,497.6902807,356.04346,207.014184,124.44604840000002,78.7346112,1.498962469,1.4971463930000002,1.494961089,1350.487732,0.143828831,277.7051693,185.58259730000003,248.53461910000001,188.4344638,46.0805821,126.27993070000001,734.1522672,0.163907462,1483.9783699999998,133.49063950000001,329.404739,1021.08299,0.001449058980825,0.160920480353592
36,37,37,NC VALLEY VILLAGE,http://www.myvalleyvillage.com/,http://empowerla.org/NCVV,NCVV@EmpowerLA.org,213-978-1551,25,2002-09-10T00:00:00.000Z,NC VALLEY VILLAGE,navigatela/reports/nc_reports.cfm?id=25,REGION 4 - SOUTH EAST VALLEY,2.8765905836699996,NC VALLEY VILLAGE,4849.159628,4988.56922,3526.05587,274.779018,29.54632303,335.09655239999995,4.251815587,1108.18008,465.2893828,214.14066719999997,2387.929485,2461.2301429999998,264.6726041,225.37279300000003,215.2068665,228.74303219999996,312.3652765,924.6272704,866.3248248,698.6736955,563.0024297,286.2697234,163.4823783,100.41873340000001,3.08320543,3.041197375,3.126691073,2204.80818,0.17927764,367.03488,443.6384409,337.27301639999996,408.30080239999995,42.78820759,121.881005,1074.39509,0.237627845,2355.472253,150.6640715,760.6937697000001,1444.11441,0.0004974727683019999,0.09485673611262899
37,38,38,WATTS NC,http://thewattsnc.com/,http://empowerla.org/WATTS,WattsNC@EmpowerLA.org,213-978-1551,88,2002-12-03T00:00:00.000Z,WATTS NC,navigatela/reports/nc_reports.cfm?id=88,REGION 9 - SOUTH LA 2,2.9455093274,WATTS NC,4169.552485,4257.86871,1156.5221099999999,1168.944015,29.30484867,13.65667567,3.634779328,2889.256389,1645.0295800000001,152.46047009999998,1886.8853,2282.6671890000002,397.9390091,376.6864233,388.0045392,418.185369,386.3060789,649.7285268999999,588.32858,481.6178102,280.0972195,116.75873689999999,58.02506007,27.87512811,1.3259539470000001,1.259377068,1.376104478,869.3641562999999,0.225706488,44.77499324,58.76270101,272.1308685,81.36327344,60.35096839,220.3945639,738.3696623,0.23406254,938.2939261,68.92976983,354.1269097,515.2372466,0.000510734239242,0.10765186036866499
38,39,39,ARLETA NC,http://www.arletanc.org/,http://empowerla.org/ANC,ANC@EmpowerLA.org,213-978-1551,6,2002-10-22T00:00:00.000Z,ARLETA NC,navigatela/reports/nc_reports.cfm?id=6,REGION 1 - NORTH EAST VALLEY,4.78905456451,ARLETA NC,4219.376061999999,4224.246486999999,1867.9267300000001,87.1606797,31.25590739,660.7421502999999,5.004936508,3001.38049,1387.0458199999998,180.2398348,2110.388382,2108.98768,289.9285528,287.18494639999994,314.69293460000006,367.938014,343.49915489999995,640.4938459,596.7951462,559.8921279,411.9478363,225.0274236,131.5334837,50.44259520000001,1.480230219,1.4206036080000002,1.543569049,1020.032138,0.186809347,52.01621576,62.88087276,355.549845,233.62927940000003,54.74321391,105.40115130000001,861.1735374,0.19249435399999998,1063.7935699999998,43.7614331,690.9697633,329.0623749,0.0008274493402499999,0.13210781195389998
39,40,40,ATWATER VILLAGE NC,http://www.atwatervillage.org/,http://empowerla.org/AVNC,AVNC@EmpowerLA.org,213-978-1551,37,2003-02-11T00:00:00.000Z,ATWATER VILLAGE NC,navigatela/reports/nc_reports.cfm?id=37,REGION 7 - EAST,2.9860725640499997,ATWATER VILLAGE NC,6846.269484,6852.9664,3463.614356,122.983019,54.51801239,1283.27002,8.22551854,3787.11825,1582.44214,331.2164104,3408.3994299999995,3437.870049,393.77021,361.18538839999997,372.19752539999996,464.73188949999997,487.4927533,1164.9846300000002,1161.4148699999998,927.6758845,760.9710508999999,444.2476087,223.0865162,84.51116188,16.6672925,20.60567861,13.54258271,2440.8812559999997,0.8506795840000001,337.22425,319.53026239999997,504.27585769999996,484.89387760000005,89.78600577,192.7777697,1524.31106,1.010800993,2592.7468,151.8655455,905.1248434,1535.75641,0.000516635628856,0.131152791159357
40,41,41,CHATSWORTH NC,http://chatsworthcouncil.org/,http://empowerla.org/CNC,CNC@EmpowerLA.org,213-978-1551,99,2003-04-29T00:00:00.000Z,CHATSWORTH NC,navigatela/reports/nc_reports.cfm?id=99,REGION 2 - NORTH WEST VALLEY,16.7348091703,CHATSWORTH NC,8516.47155,8925.160914,5095.0334649999995,348.9134704,44.82027865,2031.487989,10.10615831,1580.10591,546.3176567,439.79253550000004,4204.64445,4311.8271,486.88568889999993,484.5778903,509.4782744,538.4623128,458.5608677,1073.0357199999999,1280.969771,1465.03508,1162.45987,626.8932683999999,313.4410413,116.6717665,4.32566883,4.142513806,4.416060708,3130.572105,0.271573462,329.3789152,364.545213,790.2838207000001,946.7142813999999,80.20144767,166.92128119999998,2227.29697,0.319034651,3344.0756300000003,213.5035255,2027.802404,1102.7697,0.00289096002507,0.28035436294909005
41,42,42,WEST HILLS NC,http://www.westhillsnc.org/,http://empowerla.org/WHNC,WHNC@EmpowerLA.org,213-978-1551,11,2002-01-22T00:00:00.000Z,WEST HILLS NC,navigatela/reports/nc_reports.cfm?id=11,REGION 3 - SOUTH WEST VALLEY,13.6780917903,WEST HILLS NC,3001.760263,3028.2109,2209.95343,96.66302209,9.043357944,389.3825419,2.6061755840000003,448.50973,147.68866709999998,146.4230657,1478.38787,1523.372388,134.1341746,177.44436389999998,202.56981930000003,210.8973656,154.6592771,255.10400130000002,404.50804639999996,545.7707707000001,420.4596068,251.30659269999998,176.22944840000002,68.67679574,1.6474306319999998,1.538248187,1.690128377,1046.971319,0.09577542900000001,80.86963601,104.1643571,291.56195539999993,346.47245360000005,24.05827758,51.35313886,804.0998900000001,0.10977839999999998,1084.37186,37.40054158,871.5803909,175.39092769999996,0.002364164657138,0.256766756331964
42,43,43,EMPOWERMENT CONGRESS SOUTHEAST AREA NDC, ,http://empowerla.org/ECSEANDC,ECSEANDC@EmpowerLA.org,213-978-1551,87,2002-03-23T00:00:00.000Z,EMPOWERMENT CONGRESS SOUTHEAST AREA NDC,navigatela/reports/nc_reports.cfm?id=87,REGION 9 - SOUTH LA 2,6.20261083486,EMPOWERMENT CONGRESS SOUTHEAST AREA NDC,2853.157489,2896.38127,691.5208307999999,992.2000354,20.17816691,7.937999761,3.4625390780000003,1819.4549129999998,1029.2830609999999,108.57485530000001,1376.7718849999999,1476.3856039999998,277.2364242,255.99408309999998,263.8364072,272.80383860000006,243.06125690000002,427.5594228,375.0779434,340.8276892,206.6986716,106.2559875,60.40101509,23.40474916,0.543062426,0.519651926,0.565780472,744.1620782000001,0.075212431,59.49219837,75.11330252,190.0913778,74.19476326,50.53947623,167.3962425,576.1411874,0.081848514,809.5514637,65.38938552,257.0403762,487.12170199999997,0.00107538170073,0.14580314439433803
43,44,44,COMMUNITY AND NEIGHBORS FOR NINTH DISTRICT UNITY (CANNDU),http://www.canndunc.org/,http://empowerla.org/CANNDU,CANNDU@EmpowerLA.org,213-978-1551,86,2003-03-11T00:00:00.000Z,COMMUNITY AND NEIGHBORS FOR NINTH DISTRICT UNITY (CANNDU),navigatela/reports/nc_reports.cfm?id=86,REGION 9 - SOUTH LA 2,3.7168316046800007,COMMUNITY AND NEIGHBORS FOR NINTH DISTRICT UNITY (CANNDU),3364.9431700000005,3410.9129,975.0655662999999,670.8513002999999,25.97060824,7.352716101,2.235157615,2665.40925,1563.207672,120.26014609999999,1669.10561,1695.837552,345.24796089999995,312.6277895,314.5639046,328.4864333,295.86271960000005,548.2575009,465.8581484,378.62442339999996,212.8835547,92.63774722,51.77837094,18.11461333,0.86078704,0.839134032,0.883538108,785.9641829,0.13743966400000002,47.94272466,53.78358424,253.17102709999998,78.80645187,67.16613917,163.5131279,653.177273,0.143892284,858.9842553999999,73.02007252,240.66936209999997,545.2948207999999,0.0006442069923200001,0.10211622634617401
44,45,45,SYLMAR NC,http://www.sylmarneighborhoodcouncil.org/,http://empowerla.org/SNC,SNC@EmpowerLA.org,213-978-1551,5,2003-05-06T00:00:00.000Z,SYLMAR NC,navigatela/reports/nc_reports.cfm?id=5,REGION 1 - NORTH EAST VALLEY,18.1850619716,SYLMAR NC,6462.72482,6634.088458,4102.637877,209.9732406,97.9994964,490.282396,5.806481432999999,3288.190532,1343.177822,212.84750440000002,3190.729591,3271.995228,395.06685560000005,410.7539057,460.1999623,481.25506179999996,501.1354691000001,872.5085644,807.5759763,989.1236545,828.8857006,344.63989219999996,240.51598230000002,131.0637935,7.414403599,7.414421185,7.289151636000001,1937.164446,0.583904153,198.9180826,181.7833215,584.6511536,526.3451198,70.51822295,117.91835559999998,1432.03015,0.661439245,2156.51215,219.3477095,1372.8183,564.3461456,0.0031393159542859998,0.346752623470181
45,46,46,PORTER RANCH NC,http://www.prnc.org/,http://empowerla.org/PRNC,PRNC@EmpowerLA.org,213-978-1551,114,2003-07-01T00:00:00.000Z,PORTER RANCH NC,navigatela/reports/nc_reports.cfm?id=114,REGION 2 - NORTH WEST VALLEY,8.46333630651,PORTER RANCH NC,18775.67366,20104.86065,11125.74295,700.2718927,103.48388270000001,5064.829861,19.70161522,2610.93383,713.3511988,1048.292257,9423.43105,9352.242611,1074.2143019999999,1099.26999,1145.5358800000001,1097.786542,944.2776144,2415.69024,2974.140276,3478.4652929999997,2629.930319,1257.88472,514.5474588000001,143.9310158,20.15124355,20.16411877,20.12732866,6966.712601,1.3301612090000001,811.073364,666.6896401,1837.17617,2205.58401,181.4010237,318.7613645,5031.69049,1.556217837,7408.2316,441.5190031,4266.835811999999,2699.87679,0.001461507629529,0.183749675141349
46,47,47,WOODLAND HILLS-WARNER CENTER NC,http://www.whcouncil.org/index.php,http://empowerla.org/WHWCNC,WHWCNC@EmpowerLA.org,213-978-1551,16,2002-03-06T00:00:00.000Z,WOODLAND HILLS-WARNER CENTER NC,navigatela/reports/nc_reports.cfm?id=16,REGION 3 - SOUTH WEST VALLEY,22.715994914699998,WOODLAND HILLS-WARNER CENTER NC,7203.7878599999995,7204.876209999999,5860.52101,212.06812259999998,20.307231899999998,523.1758697,4.05677249,764.7380559999999,252.67889900000003,330.97995719999994,3532.86724,3670.920621,345.8281412,431.15662249999997,468.7624787,438.6484895,331.5532259,709.4357197,954.037958,1236.536356,1125.573975,638.1105547000001,381.54569039999996,142.59865,1.574638786,1.562182976,1.585452855,2749.159293,0.09429477,266.5824302,338.2388294,683.1432002,897.4074697000001,65.91669037,125.50753449999999,1949.6948109999998,0.108675028,2934.72594,185.56664730000003,1991.7224440000002,757.4368488,0.00392826486177,0.32348234252697805
47,48,48,WEST LOS ANGELES NC,http://www.wlanc.com/,http://empowerla.org/WLANC,WLANC@EmpowerLA.org,213-978-1551,66,2003-10-07T00:00:00.000Z,WEST LOS ANGELES NC,navigatela/reports/nc_reports.cfm?id=66,REGION 11 - WEST LA,2.73192809668,WEST LOS ANGELES NC,2991.430863,3083.78868,1714.7716469999998,259.45403,22.64688862,606.6618321000001,5.2973723360000005,579.1464788,232.92555019999998,149.6735378,1611.22031,1380.210558,120.14630109999999,79.52881175,80.03337009,105.720072,264.85247979999997,744.1964241000001,489.07180070000004,388.86912789999997,358.8283895,173.8873636,111.270857,75.02586579,2.9099004660000003,2.9143634589999996,2.668245159,1334.7513800000002,0.158973756,271.8605197,294.00959889999996,138.8134025,208.8910773,19.137256100000002,48.58679023,513.0896057,0.210801863,1469.43572,134.68433819999998,334.64104039999995,1000.1103400000001,0.00047315262122500006,0.09634792825973
48,49,49,CENTRAL ALAMEDA NC, ,http://empowerla.org/CANC,CANC@EmpowerLA.org,213-978-1551,110,2003-09-30T00:00:00.000Z,CENTRAL ALAMEDA NC,navigatela/reports/nc_reports.cfm?id=110,REGION 9 - SOUTH LA 2,1.9618278250499999,CENTRAL ALAMEDA NC,4470.59785,4542.38095,1794.677453,393.7262243,54.40565007,37.82189385,1.073495971,3792.8993729999997,2008.807409,180.08572819999998,2262.937061,2207.660793,425.8129432,398.32892089999996,412.9244999,450.19338939999994,401.47577010000003,738.5496797999999,630.3809186000001,458.08320489999994,321.97923039999995,133.22058149999998,69.27031226,30.37840304,5.587674726,5.784196444,5.462101139,974.1836185000001,0.7252200540000001,54.900026399999994,52.59587965,358.1159033,115.39395159999998,81.28761149,168.7866076,828.1280423999999,0.7508953420000001,1031.561259,57.37764046,269.8803003,704.3033182999999,0.000339934973681,0.073933396917723
49,50,50,OLYMPIC PARK NC,http://opnc.org/,http://empowerla.org/OPNC,OPNC@EmpowerLA.org,213-978-1551,104,2003-12-02T00:00:00.000Z,OLYMPIC PARK NC,navigatela/reports/nc_reports.cfm?id=104,REGION 6 - CENTRAL 2,1.65292071937,OLYMPIC PARK NC,6498.215757,6508.7786909999995,1863.0459600000002,802.8587851,48.57673301,2108.386336,2.98790693,2661.684153,1388.37463,283.9853983,3162.23612,3335.979632,381.43635770000003,340.4669445,360.35182599999996,396.7643293,448.5062239,1082.8703,1023.5527289999999,948.1543214,740.8300475,413.0094523,231.0486204,131.22460049999998,2.92829102,2.814642653,3.0500688439999997,2324.478549,0.20863828199999998,253.30282180000003,342.71486769999996,453.13730549999997,483.1346603999999,83.57832416,198.64625180000002,1492.456791,0.25254298,2503.571573,179.0930237,714.4875785,1609.9909699999998,0.000286232469307,0.10729293279969901
50,51,51,HARBOR GATEWAY NORTH NC,http://www.harborgatewaynorth.org/,http://empowerla.org/HGNNC,HGNNC@EmpowerLA.org,213-978-1551,90,2002-11-12T00:00:00.000Z,HARBOR GATEWAY NORTH NC,navigatela/reports/nc_reports.cfm?id=90,REGION 12 - HARBOR,4.61443007731,HARBOR GATEWAY NORTH NC,6088.16318,6174.00603,1562.959931,2378.00318,36.58698377,350.3743027,19.55036088,2792.41434,1484.27191,256.4165147,2922.334112,3165.829072,404.7965764,415.4720355,459.1234883,496.35994000000005,450.8441758,750.1273568,831.7460732999999,860.3313542000001,621.9790945,418.6039269,291.38140830000003,87.3977503,2.048612882,1.963376724,2.008460066,1826.7155699999998,0.18858915899999998,150.9440284,207.0994969,437.2879868,356.14447939999997,80.85370221,250.21793849999997,1383.115985,0.21084341,1905.253253,78.53768552,1189.30194,637.413629,0.0008003909551919999,0.204067406152423
51,52,52,EMPOWERMENT CONGRESS WEST AREA NDC,http://www.ecwandc.org/,http://empowerla.org/ECWANDC,ECWANDC@EmpowerLA.org,213-978-1551,79,2002-03-23T00:00:00.000Z,EMPOWERMENT CONGRESS WEST AREA NDC,navigatela/reports/nc_reports.cfm?id=79,REGION 10 - SOUTH LA 1,4.76795212826,EMPOWERMENT CONGRESS WEST AREA NDC,3853.53615,3877.4814119999996,914.1220076999999,2028.9341170000002,18.00031529,250.7123179,4.738199967,867.2795433,447.266616,189.7625724,1746.71634,2106.8198039999997,197.9827511,199.14020060000001,209.3997961,232.79146,205.9106218,480.01964730000003,528.4606946,592.2406762999999,519.6966103,357.4119901,228.28870809999998,102.1929849,2.032348168,1.920798807,2.116966278,1657.290718,0.11000026199999999,215.751836,375.5408123,231.1543437,327.4179435,39.80652501,158.49320490000002,948.1299299000001,0.140032483,1751.186136,93.89541811,963.6341669,693.6565507,0.000826030540338,0.19263426447949
52,53,53,HARBOR GATEWAY SOUTH NC,http://www.harborgatewaysouth.org/,http://empowerla.org/HGSNC,HGSNC@EmpowerLA.org,213-978-1551,91,2003-04-08T00:00:00.000Z,HARBOR GATEWAY SOUTH NC,navigatela/reports/nc_reports.cfm?id=91,REGION 12 - HARBOR,4.68269625,HARBOR GATEWAY SOUTH NC,7138.01709,7182.802320000001,2240.123578,1724.86595,48.4496155,1261.2488369999999,46.16275112,2852.37368,1476.551647,340.61471739999996,3488.5073859999998,3649.509708,430.9078613,431.8677376,463.6006966,523.4078536000001,486.5752807,912.9679789999999,1008.185914,1073.27065,785.0682132000001,522.2212072,374.7677506,125.1759507,3.796869383,3.6712696539999996,3.9161384289999996,2274.670617,0.29776379399999997,227.5347432,271.4268672,534.5516727,523.8226331000001,84.21736506,225.5605951,1649.04638,0.34216075,2372.473844,97.80322732,1446.4286029999998,828.2420136,0.000812829863662,0.22103196573826303
53,54,54,GLASSELL PARK NC,http://glassellparknc.org/,http://empowerla.org/GPNC,GPNC@EmpowerLA.org,213-978-1551,39,2002-01-08T00:00:00.000Z,GLASSELL PARK NC,navigatela/reports/nc_reports.cfm?id=39,REGION 8 - NORTH EAST LA,3.72041263077,GLASSELL PARK NC,6764.761339,6755.412744,3165.192292,128.9581398,58.45196789,1422.4173859999999,8.041759036,3847.4106850000003,1673.48254,308.2172584,3376.145339,3388.616,414.1733235,382.9868126,394.3656141,453.0953954,468.1480526,1055.063842,1072.74202,947.8211747000001,793.1477267000001,446.43782139999996,248.47614819999998,88.30341186,2.974398189,2.8881977,3.070757509,2274.903216,0.23922129999999997,244.6818415,252.9768075,527.4852781999999,509.0480033,84.84749141,183.36311940000002,1546.973827,0.284268193,2420.3627699999997,145.4595534,1044.092081,1230.81113,0.000643755984356,0.13557786117081
54,55,55,HOLLYWOOD STUDIO DISTRICT NC,http://hsdnc.org/,http://empowerla.org/HSDNC,HSDNC@EmpowerLA.org,213-978-1551,33,2005-11-01T00:00:00.000Z,HOLLYWOOD STUDIO DISTRICT NC,navigatela/reports/nc_reports.cfm?id=33,REGION 5 - CENTRAL 1,1.84882300524,HOLLYWOOD STUDIO DISTRICT NC,4284.4518,4400.738325,2202.917555,222.7010934,35.98178041,412.0565894,4.53301796,2382.48128,1182.64633,223.61543199999997,2251.673498,2032.7783,217.61183450000001,194.97483569999997,214.0843664,285.61238,410.55630310000004,845.4178281999999,676.1974899,568.0191331,398.40466349999997,230.7152953,170.14262250000002,72.71504977,1.951563179,1.8916597480000001,2.033319745,1675.101597,0.133074106,337.87778110000005,301.5270876,241.5432241,236.1292341,54.68787746,130.3058303,821.6295424,0.181205905,1898.0791600000002,222.97756280000002,121.56642620000001,1553.535171,0.00032000403143700007,0.081496882443432
55,56,56,EAST HOLLYWOOD NC,http://easthollywood.net/,http://empowerla.org/EHNC,EHNC@EmpowerLA.org,213-978-1551,34,2007-04-19T00:00:00.000Z,EAST HOLLYWOOD NC,navigatela/reports/nc_reports.cfm?id=34,REGION 5 - CENTRAL 1,2.48244566457,EAST HOLLYWOOD NC,4488.859164,4489.193854,2194.61677,188.7865297,45.33810129,689.9273139999999,5.321932063999999,2271.41655,1145.0290400000001,219.83947129999999,2266.99864,2221.860525,232.73012340000002,205.3183392,224.8263289,278.41695089999996,391.9209338,893.8602357000001,692.7937218,603.1499239,440.5809393999999,260.2047483,182.0761546,82.98076407,1.4850503430000002,1.442196999,1.536889935,1708.1995399999998,0.105923942,295.8687128,312.5285083,259.7234975,266.67277859999996,51.77644455,139.8877547,889.3872299000001,0.137697743,1819.3799600000002,111.18042220000001,139.1891512,1569.010389,0.000429674919587,0.083880684584948
56,57,57,PANORAMA CITY NC,http://www.panoramacitync.org/,http://empowerla.org/PCNC,PCNC@EmpowerLA.org,213-978-1551,100,2007-03-15T00:00:00.000Z,PANORAMA CITY NC,navigatela/reports/nc_reports.cfm?id=100,REGION 1 - NORTH EAST VALLEY,5.2503059384099995,PANORAMA CITY NC,6220.3498469999995,6251.3815,2711.3164739999997,170.49379059999998,41.64127099,1019.435198,6.898755995,4071.469257,2002.7813030000002,267.7830544,3106.365098,3113.9847489999997,459.3204005,448.3833779,462.75108880000005,525.4184853999999,513.1326424,961.7579447,909.6807779999999,807.8486042999999,579.0412247,307.893839,176.0511554,69.070306,1.340272727,1.291090147,1.390390566,1579.33521,0.157086705,88.31830488,100.8359873,531.2839521000001,330.5538161,89.46389479,177.86294880000003,1300.615796,0.16426470599999998,1657.9839,78.64869182,829.7882473999999,749.5469611000001,0.000907323784759,0.14664593818107802
57,58,58,EAGLE ROCK NC,http://www.eaglerockcouncil.org/,http://empowerla.org/ERNC,ERNC@EmpowerLA.org,213-978-1551,40,2002-04-02T00:00:00.000Z,EAGLE ROCK NC,navigatela/reports/nc_reports.cfm?id=40,REGION 8 - NORTH EAST LA,6.04575285786,EAGLE ROCK NC,4244.540138,4259.843563,2423.907767,104.7988993,22.73408638,965.4803268,3.539802512,1292.6068400000001,505.83469110000004,218.24456519999998,2075.704841,2168.835297,207.7767808,195.87573899999998,211.91447000000002,348.33122180000004,329.740811,467.5559222,583.6071227000001,621.3985315,592.0338042000001,370.493335,228.3784214,87.43397847,2.194046701,2.139973632,2.246223392,1499.669712,0.138418412,156.2967309,187.59275380000003,311.9767475,460.711756,36.50080319,80.66844859,1020.8939119999999,0.16325024300000002,1570.98926,71.31955128,996.0096737,503.6600386,0.001045874729243,0.18903746407208
58,59,59,LAKE BALBOA NC,http://lakebalboanc.org/,http://empowerla.org/LBNC,LBNC@EmpowerLA.org,213-978-1551,19,2004-09-09T00:00:00.000Z,LAKE BALBOA NC,navigatela/reports/nc_reports.cfm?id=19,REGION 3 - SOUTH WEST VALLEY,12.913398614,LAKE BALBOA NC,2744.211291,2754.21454,1638.0842400000001,125.5399749,19.61249313,280.2873164,3.8604718819999997,1215.27625,530.6704284,146.1563695,1349.3066800000001,1394.90461,209.2021743,166.4531642,171.3361073,175.4319724,177.23848610000002,421.2243103,459.6315869,371.33702630000005,284.2888774,151.8571901,104.8510022,51.35939316,2.076635876,2.0803565109999997,2.040980854,921.4699854,0.15809029800000002,82.93402164,115.7032632,241.7171201,209.79064350000002,31.4887814,69.70161841,637.565641,0.18220851300000002,966.6557008999999,45.18571554,495.1972259,426.2727594,0.002232418120457,0.20841704447637902
59,60,60,ENCINO NC,http://www.encinonc.org/,http://empowerla.org/ENC,ENC@EmpowerLA.org,213-978-1551,18,2002-10-08T00:00:00.000Z,ENCINO NC,navigatela/reports/nc_reports.cfm?id=18,REGION 3 - SOUTH WEST VALLEY,19.8991625904,ENCINO NC,6639.347826,6790.816136,5504.3490759999995,127.7206132,9.071177418,530.3107782,6.521046069,532.7992396000001,190.0063676,271.36876739999997,3117.2280600000004,3522.1197700000002,337.99009010000003,371.0056272,374.8813096,425.5486842,331.15114700000004,491.2221232,830.3981794,1027.021717,1027.17784,733.0823545,463.47736,226.39139930000002,3.703441244,3.781886633,3.603781548,2491.105802,0.200556622,216.82384150000001,305.7849605,625.4027977000001,951.6572534,42.46495551,77.23484708,1818.4388,0.236810593,2625.989914,134.88411169999998,2103.1698969999998,387.935905,0.003441581752895,0.26673096866173
60,61,61,MACARTHUR PARK NC,http://macarthurparknc.org/,http://empowerla.org/MPNC,MPNC@EmpowerLA.org,213-978-1551,54,2003-06-03T00:00:00.000Z,MACARTHUR PARK NC,navigatela/reports/nc_reports.cfm?id=54,REGION 6 - CENTRAL 2,0.9328902477609999,MACARTHUR PARK NC,7984.854816,8190.022181,1867.998021,392.2855935,61.99991618,3324.60586,19.74265441,3716.7496659999997,1971.5360699999999,346.68669839999995,4046.2148049999996,3938.64001,501.0398067,384.09286610000004,360.7893043,440.11954800000007,678.0688478999999,1772.3924399999999,1343.378,964.3846798000001,691.3391955,468.1150491,286.1744477,94.96062931,2.894724946,2.83723848,2.970225993,3399.6119479999998,0.20696999100000002,624.5310764,671.0545051,489.50435,571.7166894999999,107.9695624,229.819116,1745.3285859999999,0.27004248,3765.859461,366.2475125,139.0223885,3260.5895600000003,0.000161533424944,0.06145294282897
61,62,62,NORTHRIDGE SOUTH NC,http://www.northridgesouth.org/,http://empowerla.org/NSNC,NSNC@EmpowerLA.org,213-978-1551,124,2010-05-04T00:00:00.000Z,NORTHRIDGE SOUTH NC,navigatela/reports/nc_reports.cfm?id=124,REGION 2 - NORTH WEST VALLEY,6.29879475925,NORTHRIDGE SOUTH NC,8829.671924,8889.6946,5029.6296,380.7276643,47.243187799999994,1191.78696,14.019573000000001,3773.90662,1731.245752,435.01918729999994,4339.55647,4490.115452,522.1977205000001,530.0140313999999,588.5457872999999,678.2756087,678.9066462999999,1188.20405,1242.284863,1266.88685,1016.910647,558.9313722999999,366.2109416,192.3034,2.6494268119999997,2.5338263640000003,2.7665396089999996,2763.7391199999997,0.229606101,229.4387949,291.3499851,736.3182801,708.6832257,91.56561221,220.89066430000003,2032.72425,0.256350523,2974.932423,211.1933031,1659.258964,1104.480156,0.001088484242928,0.200754703229153
62,63,63,WINNETKA NC,http://www.winnetkanc.com/,http://empowerla.org/WINNETKA,WinnetkaNC@EmpowerLA.org,213-978-1551,14,2003-07-22T00:00:00.000Z,WINNETKA NC,navigatela/reports/nc_reports.cfm?id=14,REGION 3 - SOUTH WEST VALLEY,6.47564149076,WINNETKA NC,6061.070879999999,6243.085204999999,3256.305816,344.941499,32.11475557,915.4101763,10.20356635,2526.1916,1180.848702,321.246364,2994.167355,3066.903523,388.7471204,340.6231305,365.7269837,417.9711208,512.3960091,1115.653223,959.3552571,820.3412761,573.0619693,309.0604795,180.6657987,77.46851045,1.647099204,1.598085639,1.691740943,2130.317101,0.144831895,262.7890124,276.01719160000005,469.8686029,473.201203,77.07727454,176.4861602,1383.5758039999998,0.16391881,2372.13523,241.81813190000003,797.3829808999999,1332.93412,0.001119265206853,0.14946274270681698
63,64,64,WESTLAKE NORTH NC, ,http://empowerla.org/WNNC,WNNC@EmpowerLA.org,213-978-1551,97,2011-06-07T00:00:00.000Z,WESTLAKE NORTH NC,navigatela/reports/nc_reports.cfm?id=97,REGION 6 - CENTRAL 2,0.7358769656499999,WESTLAKE NORTH NC,9386.18181,9912.54157,3061.168943,558.9964474,138.5746854,2048.93802,26.18838633,5745.93256,3045.95566,506.3596607,4815.515566,4570.6662479999995,662.6975502,545.0869375,532.6772315000001,680.9656263999999,1199.20803,2206.99886,1339.38591,934.4453844000001,605.0433429999999,373.8422165,223.4799753,82.35075018,4.15331912,4.119837788,4.2131245669999995,3662.02126,0.365902522,657.1240766,607.399887,559.9830168,454.1388905,152.86205690000003,328.16573,1811.17187,0.473068616,4090.99901,428.97774810000004,180.6083165,3481.4129439999997,0.000127415393308,0.06004907460483401
64,65,65,WESTLAKE SOUTH NC, ,http://empowerla.org/WSNC,WSNC@EmpowerLA.org,213-978-1551,121,2011-06-07T00:00:00.000Z,WESTLAKE SOUTH NC,navigatela/reports/nc_reports.cfm?id=121,REGION 6 - CENTRAL 2,0.707215414661,WESTLAKE SOUTH NC,4458.7906299999995,4449.518857999999,1394.183172,226.0742296,82.88500426,654.7623181,13.62253851,3312.5954,1859.0319100000002,228.23145840000004,2422.72377,2036.0668600000001,336.7157171,280.9586212,277.98348,365.109014,482.54861569999997,878.8663417000001,648.0425112,455.3195082,304.0627024,206.4149102,159.2345165,63.53468897,3.062276295,3.0048906810000005,3.138587867,1560.933731,0.30366309999999996,263.6803559,230.5402829,282.81076889999997,201.14927169999999,84.92778078,160.6416382,886.1900222999999,0.36213877,1726.875514,165.94178,34.76436219,1526.1693699999998,0.000122463690786,0.053824295915954
65,66,66,MID CITY NC,http://mincla.org/,http://empowerla.org/MINC,MINC@EmpowerLA.org,213-978-1551,73,2002-02-19T00:00:00.000Z,MID CITY NC,navigatela/reports/nc_reports.cfm?id=73,REGION 10 - SOUTH LA 1,2.6636231710400002,MID CITY NC,3141.7739899999997,3159.9254579999997,896.3387521,860.9835188999999,35.49416979,284.16804110000004,6.687798526,1643.434009,892.1095809000001,165.99212869999997,1522.91552,1618.858465,204.030228,198.5005661,204.0282981,223.1733236,234.6510304,511.2294834,479.6688161,440.02047089999996,332.7810448,175.6685102,93.68137337,44.34084489,1.7704903230000002,1.7045253409999999,1.8389739980000002,1058.406881,0.145978269,119.0333631,153.88982030000003,217.65051519999997,164.95562560000002,42.46841055,124.9141381,691.488961,0.17703568600000003,1137.62841,79.22153407,362.57737000000003,695.8295131,0.000461313937876,0.11546323867044199
66,67,67,GREATER VALLEY GLEN COUNCIL,http://greatervalleyglencouncil.org/,http://empowerla.org/GVGC,GVGC@EmpowerLA.org,213-978-1551,21,2002-08-27T00:00:00.000Z,GREATER VALLEY GLEN COUNCIL,navigatela/reports/nc_reports.cfm?id=21,REGION 4 - SOUTH EAST VALLEY,5.59973035574,GREATER VALLEY GLEN COUNCIL,5623.008444,5699.892870000001,3614.4750299999996,267.5293105,31.55135185,355.6580923,7.895103517999999,2343.56172,1095.332822,250.5667321,2778.025697,2844.982747,367.4564165,325.6546071,341.77169680000003,378.309841,413.7457908,941.4108620999999,871.3742882000001,794.923946,595.4253992,309.527894,183.443628,99.96407412,1.3149881970000001,1.273108057,1.3575226459999998,2040.25781,0.101492166,247.61056349999998,299.24082169999997,440.5246553,405.6704979,69.40891373,170.5444076,1280.51175,0.121643814,2165.604671,125.3468571,699.8910635999999,1340.36675,0.0009681820106380001,0.14880325052207502
67,68,68,NOHO WEST NC,http://nohowest.org/,http://empowerla.org/NOHOWESTNC,NoHoWestNC@EmpowerLA.org,213-978-1551,22,2011-01-11T00:00:00.000Z,NOHO WEST NC,navigatela/reports/nc_reports.cfm?id=22,REGION 4 - SOUTH EAST VALLEY,3.192815827,NOHO WEST NC,7117.292076999999,7193.835279999999,3695.2594700000004,188.4751821,40.47196534,1328.535757,8.494387691,3242.5904809999997,1562.750856,293.30445860000003,3515.102558,3602.1895189999996,427.18850369999996,411.949831,455.42481160000006,558.7865969,551.8249539,1043.25106,972.6571739,1017.2462800000001,850.6669591,461.9780231000001,254.93766159999998,111.3802209,3.495653457,3.325686253,3.665007451,2043.4853,0.34022776600000004,161.87680780000002,191.3678522,573.5104875,499.3309976,76.8544368,178.22635369999998,1564.506867,0.374362835,2139.969236,96.48393304,1133.5742599999999,909.9110458999999,0.000551871434936,0.09246884769118302
68,69,69,WESTWOOD NC,http://www.wwnc.org/,http://empowerla.org/WWNC,WWNC@EmpowerLA.org,213-978-1551,63,2010-01-19T00:00:00.000Z,WESTWOOD NC,navigatela/reports/nc_reports.cfm?id=63,REGION 11 - WEST LA,5.512670653119999,WESTWOOD NC,5836.422668,5861.26379,3304.254637,240.0344633,10.97665469,1667.0633300000002,8.847774955,645.7950061,269.2927369,335.9530748,2728.989559,3107.43311,108.59120120000001,118.8005896,115.6824159,2126.85818,1307.753694,380.42057189999997,334.0659394,363.46367860000004,381.221857,269.8433737,203.71552880000002,126.0056393,2.570921385,2.564666505,2.495522938,1188.062816,0.133086442,167.34338390000002,252.804984,180.72515269999997,314.1373014,14.42636027,31.99380857,601.3856557,0.167998882,1319.787266,131.7244508,671.1525077,516.9103079,0.000954451838425,0.16983941173218303
69,70,70,NORTH HILLS EAST,http://www.northhillseastnc.org/,http://empowerla.org/NHENC,NHENC@EmpowerLA.org,213-978-1551,112,2010-09-14T00:00:00.000Z,NORTH HILLS EAST,navigatela/reports/nc_reports.cfm?id=112,REGION 2 - NORTH WEST VALLEY,2.83260083847,NORTH HILLS EAST,6867.35772,6932.221869,2846.99135,307.1238259,51.82803855,961.560882,13.63840441,4630.561869,2359.8458100000003,326.3694168,3482.0300039999997,3385.32771,564.2394722,532.5647001,541.2344337999999,579.2023416000001,555.611625,1101.75614,1032.8727800000001,877.1774433,572.5987104,283.71470750000003,158.67272509999998,67.71264252,2.631363895,2.532466873,2.737319022,1826.3236100000001,0.296627268,133.5612606,118.1693867,586.4293809999999,335.30938060000005,107.1233773,229.481747,1441.20815,0.317077809,1922.4223980000002,96.09878761,792.7464832999999,1033.577127,0.000489446676283,0.106829900113708
70,71,71,PALMS NC,http://palmsla.org/,http://empowerla.org/PALMSNC,PalmsNC@EmpowerLA.org,213-978-1551,115,2004-12-14T00:00:00.000Z,PALMS NC,navigatela/reports/nc_reports.cfm?id=115,REGION 11 - WEST LA,1.3827413813999998,PALMS NC,7963.687087,7990.06295,4288.650214,624.4914954,43.27851436,1643.41384,17.98721103,1951.91367,883.3557993999999,462.5100105,3939.856857,4023.8302299999996,377.23643660000005,321.8522358,313.63140419999996,355.8596859,685.5442078,2086.80661,1277.44681,1007.87361,777.51605,386.7723308,229.97295209999996,143.17475819999999,3.7753260660000003,3.654037283,3.8959017,3695.71495,0.22415103100000003,707.1795555,765.7017948,509.7323438,600.4115964,64.43682847,164.3251989,1590.724388,0.304656863,3909.34996,213.6350099,786.2364402000001,2909.4785100000004,0.00023952482047199998,0.09757511307256501
71,72,72,WESTSIDE NC,http://www.wncla.org/,http://empowerla.org/WNC,WNC@EmpowerLA.org,213-978-1551,62,2002-06-04T00:00:00.000Z,WESTSIDE NC,navigatela/reports/nc_reports.cfm?id=62,REGION 11 - WEST LA,5.49793016939,WESTSIDE NC,2521.0727899999997,2577.0050899999997,1818.71744,71.89226027,7.4287181460000005,415.53950469999995,2.100870053,279.5026085,89.90292577,115.4910672,1200.8011199999999,1320.2716699999999,132.5424594,119.650425,113.4247361,101.7477032,159.48930049999998,420.25948389999996,380.95167589999994,331.9304061,311.9139261,206.74603380000002,144.3319735,98.08466487,1.596413289,1.558031911,1.637043117,1160.428376,0.08480604300000001,168.6507002,254.37710049999998,199.38457480000002,275.5014139,14.51174656,36.41528904,594.3892315,0.10867744800000001,1262.0082419999999,101.5798655,586.4591397999999,573.9692367,0.000952154260858,0.14586822682737802
72,73,73,DOWNTOWN LOS ANGELES,http://dlanc.com/,http://empowerla.org/DLANC,DLANC@EmpowerLA.org,213-978-1551,52,2002-04-27T00:00:00.000Z,DOWNTOWN LOS ANGELES,navigatela/reports/nc_reports.cfm?id=52,REGION 6 - CENTRAL 2,7.356816332689999,DOWNTOWN LOS ANGELES,4806.28684,4947.09767,2109.10972,558.5179992000001,51.04215372,831.9980479,3.528546424,2219.549391,1049.86961,202.22076380000001,2729.14824,2077.138594,206.2209097,186.383207,203.9355119,250.4030123,435.85095939999997,1045.75159,833.5360835,656.3884687999999,432.63699749999995,254.5302651,192.2043449,108.44548799999998,2.265719742,2.306751852,2.219053999,2102.966464,0.159651335,666.0972732999999,424.5613398,194.93131359999998,254.2958491,42.20486068,105.614919,711.7102162000001,0.20372553399999999,2432.1124800000002,329.1460193,261.2127972,1841.7536670000002,0.001274170798069,0.196611419795197
73,74,74,NORTHRIDGE WEST,http://www.northridgewest.org/,http://empowerla.org/NWNC,NWNC@EmpowerLA.org,213-978-1551,113,2004-10-26T00:00:00.000Z,NORTHRIDGE WEST,navigatela/reports/nc_reports.cfm?id=113,REGION 2 - NORTH WEST VALLEY,5.95853640441,NORTHRIDGE WEST,9729.65019,9628.125329999999,5925.075875,338.20288230000006,29.37369293,2341.73317,6.331919442,1862.636655,675.0934965,413.8391506,4767.7692799999995,4961.880908,409.30679530000003,513.61455,647.3050646,732.1488171,632.882964,943.790505,1226.823008,1585.86526,1412.318348,884.0579722000001,528.5671415,212.96976549999997,4.685953315,4.516878411,4.834631187,3332.46515,0.315536282,224.77449909999999,345.1876134,887.3537538999999,1169.7119599999999,61.23103546,147.8777452,2560.462551,0.351613971,3570.36453,237.8993816,2672.387,660.0781477999999,0.001029348880138,0.136071968152224
74,75,75,GRANADA HILLS NORTH NC,http://ghnnc.org/,http://empowerla.org/GHNNC,GHNNC@EmpowerLA.org,213-978-1551,4,2002-09-10T00:00:00.000Z,GRANADA HILLS NORTH NC,navigatela/reports/nc_reports.cfm?id=4,REGION 2 - NORTH WEST VALLEY,16.9589136879,GRANADA HILLS NORTH NC,7106.503337,7632.1397719999995,4574.1892,277.570552,52.76918291,1351.6004710000002,7.496229325,1253.90821,395.6185941,447.25910269999997,3627.6635079999996,3478.839829,352.62696669999997,397.7839092,436.1332442,441.4590147,397.4549673,918.7604028,1097.24304,1410.184623,967.7335452,439.48941560000003,198.8864389,48.74776953,5.358752642,5.360424609,5.078457719,2609.40945,0.405580328,332.32313999999997,214.57656809999997,635.5441735,810.1018769,80.38656226,128.0905983,1858.7948809999998,0.396324057,2769.121266,159.7118155,1517.779307,1091.6301429999999,0.0029281621118570004,0.23808090529116602
75,76,76,GRANADA HILLS SOUTH NC,http://ghsnc.org/,http://empowerla.org/GHSNC,GHSNC@EmpowerLA.org,213-978-1551,118,2006-01-17T00:00:00.000Z,GRANADA HILLS SOUTH NC,navigatela/reports/nc_reports.cfm?id=118,REGION 2 - NORTH WEST VALLEY,5.372993983450001,GRANADA HILLS SOUTH NC,5721.338501,5790.68383,3274.376673,406.5827119,29.39580255,1025.35347,9.280886459,1738.2738149999998,683.3173196,293.0316383,2723.31228,2998.0262199999997,233.42140780000003,257.6741528,321.2557463,910.0880589,636.5466611,612.1927479,671.3400153,768.0072855000001,600.3904251,338.65134680000006,245.40115899999998,126.3694942,2.562770988,2.48261683,2.6404101840000003,1608.1792289999999,0.201514334,138.8194808,182.6124619,420.1804478,450.6235597,40.93492053,103.84202490000001,1179.269587,0.225647717,1674.678142,66.49891299,1084.4447599999999,523.7344644,0.0009280620365639999,0.14608575645302302
76,77,77,RAMPART VILLAGE NC,http://www.rvnc.org/,http://empowerla.org/RVNC,RVNC@EmpowerLA.org,213-978-1551,53,2007-03-05T00:00:00.000Z,RAMPART VILLAGE NC,navigatela/reports/nc_reports.cfm?id=53,REGION 7 - EAST,1.1969415208499998,RAMPART VILLAGE NC,7715.490252,7868.822637,1950.75984,422.4285494,82.83925787,3223.09269,7.58594779,3406.51799,1723.232326,305.5516438,3920.751479,3794.7387700000004,445.9057258,354.7086505,366.3580291,421.94858489999996,627.8660537999999,1716.1345670000003,1325.103703,1038.306695,745.2588695000001,414.5123758,206.13501430000002,53.25198421,2.762097647,2.714063598,2.815973454,3130.606033,0.20080126399999998,559.5301164,563.2643791,473.1582341,539.7633534,97.27408595,226.70166239999998,1675.799264,0.256788792,3403.0843299999997,272.4782968,235.4165864,2895.18945,0.00020722381782399999,0.067188585343744
77,78,78,BEL AIR-BEVERLY CREST NC,http://babcnc.org/,http://empowerla.org/BABCNC,BABCNC@EmpowerLA.org,213-978-1551,64,2002-10-08T00:00:00.000Z,BEL AIR-BEVERLY CREST NC,navigatela/reports/nc_reports.cfm?id=64,REGION 11 - WEST LA,24.8747611799,BEL AIR-BEVERLY CREST NC,7069.51152,7126.005626,5709.399625,140.70029069999998,8.684527982,737.4959135,5.7640411789999995,480.8573711,169.0593719,298.4077539,3397.55207,3671.9594549999997,332.2611955,365.0306588,346.45671719999996,783.9984515,499.31370589999995,462.3375544,865.7351509,1045.51279,1035.77726,699.3615562000001,430.3720154,203.3544677,2.544563401,2.59825496,2.489305157,2525.1609719999997,0.133773381,282.47141960000005,307.3767619,574.9792365000001,892.5519155999999,45.77075120000001,72.50929891,1695.84302,0.158843199,2709.89771,184.7367359,2232.720405,292.44056689999996,0.0043047099275100005,0.465833821934634
78,79,79,HOLLYWOOD HILLS WEST NC,http://www.hhwnc.org/,http://empowerla.org/HHWNC,HHWNC@EmpowerLA.org,213-978-1551,29,2002-05-07T00:00:00.000Z,HOLLYWOOD HILLS WEST NC,navigatela/reports/nc_reports.cfm?id=29,REGION 5 - CENTRAL 1,12.282212554800001,HOLLYWOOD HILLS WEST NC,3966.72824,4005.459883,3275.860388,162.06482869999996,11.51439502,261.3291196,3.1182304910000003,367.0391034,98.20348333,154.63779519999997,2143.761794,1822.9664469999998,173.75341819999997,137.0892483,113.93770740000001,124.0826129,244.42037969999998,730.7909051,776.9995699,651.527153,503.4655664,274.4243865,159.72152759999997,76.51576576,3.551132915,4.238104567,2.995974247,2047.61201,0.158710621,494.1921966,380.2000583,227.89671940000002,372.0400053999999,30.74374211,62.73591634,789.3423667999999,0.198588706,2301.6113600000003,253.99935359999998,1096.77599,950.8360161,0.0021250522638639998,0.27059766002186897
79,80,80,SHERMAN OAKS NC,http://www.shermanoaksnc.org/,http://empowerla.org/SONC,SONC@EmpowerLA.org,213-978-1551,26,2002-10-29T00:00:00.000Z,SHERMAN OAKS NC,navigatela/reports/nc_reports.cfm?id=26,REGION 4 - SOUTH EAST VALLEY,12.714003914800001,SHERMAN OAKS NC,10182.40313,10464.6253,8505.03902,268.0366424,14.55052038,743.7627453,6.335686694,733.5685147999999,224.75467999999998,419.9238454,4949.073668999999,5233.329465999999,545.4866279,576.6994573,575.7871892000001,509.56436160000004,396.6445085,937.2983019999999,1429.701863,1646.964574,1607.221448,1022.88176,623.3966839,310.75636000000003,2.574632085,2.58903568,2.54422445,4107.414379999999,0.144836002,439.04758990000005,564.057212,946.7702326,1375.491526,71.40481444,137.4848365,2736.815973,0.172331641,4375.210295,267.7959129,3209.9971809999997,897.4172010999999,0.002199054173843,0.246991059540341
80,81,81,STUDIO CITY NC,http://studiocitync.org/,http://empowerla.org/SCNC,SCNC@EmpowerLA.org,213-978-1551,27,2002-10-29T00:00:00.000Z,STUDIO CITY NC,navigatela/reports/nc_reports.cfm?id=27,REGION 4 - SOUTH EAST VALLEY,8.982556381910001,STUDIO CITY NC,6960.421373,6983.557512,5915.708338,229.4614317,13.76119256,403.523873,6.09182903,506.74474960000003,126.26621159999999,265.6084967,3497.8497009999996,3462.571672,373.0480018,364.9527695,333.8921294,261.9624302,264.0856868,860.0129092,1173.1839949999999,1186.728406,1033.5411789999998,575.9371221,362.1207296,170.9560137,2.636120214,2.657139538,2.611995599,3112.10542,0.134923055,484.93491090000003,498.50868560000004,579.0134456000001,804.6454951000001,48.24078472,116.7002632,1698.41349,0.16975356600000002,3372.522163,260.4167432,2206.2677719999997,905.8376483999999,0.001553866457471,0.19535851830439002
81,82,82,DEL REY NC,http://delreync.org/,http://empowerla.org/DRNC,DRNC@EmpowerLA.org,213-978-1551,70,2003-10-28T00:00:00.000Z,DEL REY NC,navigatela/reports/nc_reports.cfm?id=70,REGION 11 - WEST LA,4.42555309453,DEL REY NC,8007.075954999999,8083.967961,4688.05811,804.3018969,26.60069151,1504.6761,20.250251300000002,1348.24275,488.05044169999996,475.13846629999995,3841.5583579999998,4165.517597999999,503.3847444,248.7030121,211.843742,255.63525800000002,650.7239192000001,2026.4348899999998,1514.233181,940.4616777000001,741.6187153,485.482392,281.3747765,147.17965,2.76906732,2.713328405,2.823798458,4072.1285439999997,0.151216118,739.0233749,933.2824795,499.2095722,857.1535079,59.25873302,157.3610279,1799.0388309999998,0.19821978699999998,4360.0056509999995,287.8771062,1833.0976260000002,2239.03092,0.000766932478882,0.18023401830462002
82,83,83,GREATER WILSHIRE NC,http://www.greaterwilshire.org/,http://empowerla.org/GWNC,GWNC@EmpowerLA.org,213-978-1551,119,2003-12-02T00:00:00.000Z,GREATER WILSHIRE NC,navigatela/reports/nc_reports.cfm?id=119,REGION 5 - CENTRAL 1,5.8532883814400005,GREATER WILSHIRE NC,2614.35443,2628.553467,1243.91912,166.4069983,10.81217583,774.0540777000001,2.224288188,654.7084408,321.9280671,95.00969858,1281.937288,1332.417138,140.0393696,130.49451570000002,131.0788655,130.90085,170.6612852,476.84657999999996,430.09125470000004,375.2724012,304.1043064,168.98285780000003,101.68036579999999,54.20177188,0.951271788,0.9317051,0.970896897,1080.563034,0.060109099000000006,174.2473955,199.4112694,186.04325930000002,218.81461319999997,23.8072809,55.244510399999996,575.7263782000001,0.07702732,1160.517427,79.95439258,359.902645,720.660389,0.0010133766334089998,0.145265634904189
83,84,84,NORTHRIDGE EAST,http://nenc-la.org/,http://empowerla.org/NENC,NENC@EmpowerLA.org,213-978-1551,120,2004-11-30T00:00:00.000Z,NORTHRIDGE EAST,navigatela/reports/nc_reports.cfm?id=120,REGION 2 - NORTH WEST VALLEY,6.1948188141100005,NORTHRIDGE EAST,6491.497710000001,6582.570055,3943.7398200000002,450.79652469999996,30.63172716,1174.4053199999998,11.13957178,1587.5716029999999,568.9081173999999,311.87662630000005,3091.79671,3399.700999,242.5089284,279.96469249999996,347.9590287,892.1591983999999,725.7991519999999,698.6601929999999,717.0241527000001,873.785707,781.4402167999999,443.4459511,318.7591878,169.9913014,2.5692973830000003,2.498045714,2.637121412,2022.03075,0.17961930899999998,180.444145,235.2732415,471.25142999999997,623.2991777999999,41.7552466,106.43493020000001,1431.38355,0.203322983,2105.158813,83.12806561,1354.2867939999999,667.7439537,0.001070229280913,0.186833119386874
84,85,85,NORTH HILLS WEST NC,http://www.nhwnc.net/,http://empowerla.org/NHWNC,NHWNC@EmpowerLA.org,213-978-1551,111,2003-02-25T00:00:00.000Z,NORTH HILLS WEST NC,navigatela/reports/nc_reports.cfm?id=111,REGION 1 - NORTH EAST VALLEY,4.76010365362,NORTH HILLS WEST NC,5120.357243,5161.16711,2907.9663,221.1693651,26.84831258,826.3740574,8.557805291000001,2070.3433800000003,895.2657777000001,234.1756255,2555.53809,2564.819156,290.3796675,307.1135603,326.83362850000003,370.2737227,339.8100704,664.4765267000001,731.8024686000001,774.4298474,623.2736559,346.7429515,236.59334469999996,108.627799,3.234746972,3.098286641,3.388934501,1593.19605,0.29154617899999996,130.5825207,150.16405269999998,435.2349265,446.3026047,47.80475919,110.06974540000002,1203.14642,0.32450401100000004,1656.5569699999999,63.36091393,1104.186846,489.0092089,0.000822465241072,0.156362912718102
85,86,86,WILSHIRE CENTER - KOREATOWN NC,http://wcknc.org/,http://empowerla.org/WCKNC,WCKNC@EmpowerLA.org,213-978-1551,55,2003-08-05T00:00:00.000Z,WILSHIRE CENTER - KOREATOWN NC,navigatela/reports/nc_reports.cfm?id=55,REGION 6 - CENTRAL 2,3.4727079948400004,WILSHIRE CENTER - KOREATOWN NC,5043.272896,5141.562629999999,1380.4525800000001,220.663183,37.85932022,1958.0923309999998,4.488169281,2420.437277,1237.75075,203.9665686,2535.89034,2507.38256,306.89719360000004,256.9952334,259.8007692,299.9577174,418.06253239999995,1025.27739,849.3511877000001,688.0228283,490.1714461,273.66229189999996,134.3996334,40.6746697,0.825914155,0.802793915,0.8514807740000001,1972.4224199999999,0.061867782,314.6230917,328.61343569999997,336.5659431,351.20982339999995,69.72238485,152.9615876,1128.70043,0.076844651,2151.18248,178.760051,195.0654331,1777.3569920000002,0.0006012505577929999,0.12286317418516801
86,87,87,SILVER LAKE NC,http://silverlakenc.org/,http://empowerla.org/SLNC,SLNC@EmpowerLA.org,213-978-1551,38,2003-02-11T00:00:00.000Z,SILVER LAKE NC,navigatela/reports/nc_reports.cfm?id=38,REGION 7 - EAST,4.2184671231,SILVER LAKE NC,4375.561432,4406.046867,2378.3759800000003,140.0018222,36.25188653,796.2712861,6.63101068,1808.7050100000001,800.1837062000001,217.84574080000002,2242.002214,2133.559219,237.06392709999997,198.92891819999997,197.2260304,213.17427430000004,267.34993790000004,890.3032908,835.5608986000001,617.3607947,444.57002860000006,258.1577734,146.88628169999998,68.97927648,2.7850455139999997,3.211549386,2.446071805,1769.187998,0.151167245,306.3769745,280.7809065,279.3859686,291.0879226,48.36741256,112.7481522,874.9720537000001,0.188960727,1887.124548,117.9365499,610.4532119,1158.73479,0.0007301406776610001,0.13065905789797
87,88,88,LA-32 NC,http://www.la32nc.org/,http://empowerla.org/LA32,LA32NC@EmpowerLA.org,213-978-1551,48,2002-05-21T00:00:00.000Z,LA-32 NC,navigatela/reports/nc_reports.cfm?id=48,REGION 8 - NORTH EAST LA,7.19165945896,LA-32 NC,5189.266964,5296.24451,2373.07482,151.6530545,58.54216851,1011.029533,3.124132476,3218.542574,1351.242271,240.60098880000004,2550.92395,2638.343018,319.61292050000003,315.7255919,354.2033135,386.99532220000003,367.5231634,708.5945247999999,760.4547014999999,717.2211476,576.4139981000001,356.29661,229.7497716,96.47589872,1.69493207,1.647762591,1.745151441,1665.39141,0.143031876,145.91709709999998,187.128241,402.6498436,395.58222810000007,61.82223035,153.1209028,1200.92315,0.163585725,1755.22646,89.83505311,1005.2052259999999,660.1861839,0.001244935704335,0.182278391249661
88,89,89,ARROYO SECO NC,http://www.asnc.us/,http://empowerla.org/ASNC,ASNC@EmpowerLA.org,213-978-1551,42,2002-10-02T00:00:00.000Z,ARROYO SECO NC,navigatela/reports/nc_reports.cfm?id=42,REGION 8 - NORTH EAST LA,4.27982704068,ARROYO SECO NC,8403.85775,8614.997643,4100.67418,275.6320639,95.30587595,1270.8722539999999,5.83118413,5044.690072,2243.852103,411.6900908,4198.989304,4204.86845,534.8048899,499.14595710000003,504.22331629999996,517.4350306,532.0623137,1242.461334,1335.3639449999998,1180.3246199999999,1021.0302300000001,550.8809906,337.193098,148.9320246,2.494740896,2.445056015,2.5467973930000003,2855.70817,0.19270948699999998,311.8651934,350.745173,607.9478722,628.4317788,105.16008870000002,244.4195567,1878.5883399999998,0.22847929,3036.093745,180.38557849999998,1662.8749779999998,1192.83319,0.000740712303241,0.228865833949481
89,90,90,HISTORIC HIGHLAND PARK NC,http://highlandparknc.com/,http://empowerla.org/HHPNC,HHPNC@EmpowerLA.org,213-978-1551,41,2002-05-28T00:00:00.000Z,HISTORIC HIGHLAND PARK NC,navigatela/reports/nc_reports.cfm?id=41,REGION 8 - NORTH EAST LA,6.16107334035,HISTORIC HIGHLAND PARK NC,6168.75023,6294.715120000001,3226.4794100000004,203.99273119999998,62.85508306,897.3595343000001,5.074202586,3365.16734,1457.1680199999998,315.82124839999994,3046.13293,3122.617299,361.6369989,352.040759,364.10025260000003,500.35275010000004,486.7439765,851.7294298,938.4350641000001,845.9195465,728.0996173999999,400.91081339999994,230.0815327,108.6994884,1.586444364,1.554218644,1.6178966890000002,2064.8565,0.11999244699999999,227.23065630000002,266.3022969,443.0102193,461.6784954,74.51493089,173.0175137,1356.51485,0.143408871,2178.25935,113.40284950000002,1161.90279,902.9537159,0.001066104670826,0.240350791755855
90,91,91,GREATER CYPRESS PARK NC, ,http://empowerla.org/GCPNC,GCPNC@EmpowerLA.org,213-978-1551,102,2002-11-19T00:00:00.000Z,GREATER CYPRESS PARK NC,navigatela/reports/nc_reports.cfm?id=102,REGION 8 - NORTH EAST LA,1.87363561557,GREATER CYPRESS PARK NC,8651.423411,8790.95573,3845.6247909999997,154.293904,90.59134037,1809.4764940000002,7.936546815,5440.575401,2357.62136,385.8789747,4341.438368,4309.98504,559.6555099999999,529.1859561000001,551.1754262000001,627.518908,627.3475047000001,1373.944197,1333.299295,1139.591441,933.79337,565.6941727999999,311.7428494,98.47478094,5.360402915,5.2474311689999995,5.47025105,2788.82679,0.472244182,292.0637716,286.4399993,680.1634657999999,607.7387092,116.0127865,250.85658130000002,1959.7852510000002,0.551690942,3044.199523,255.37273560000003,1269.670548,1519.15624,0.000324288895399,0.121049159186838
91,92,92,SOUTH ROBERTSON NC,http://www.soronc.org/,http://empowerla.org/SORONC,SORONC@EmpowerLA.org,213-978-1551,61,2002-08-13T00:00:00.000Z,SOUTH ROBERTSON NC,navigatela/reports/nc_reports.cfm?id=61,REGION 11 - WEST LA,4.539953403459999,SOUTH ROBERTSON NC,3479.7929200000003,3527.066525,2447.668521,260.97939269999995,16.20863117,301.6401002,6.796299764,632.9479434,279.32035510000003,167.1796239,1653.10193,1826.690994,193.7599892,188.454037,187.389222,179.0441611,209.3735479,561.6454504,515.7419424999999,476.33411849999993,425.11427280000004,257.1992398,170.1933528,115.5435902,1.5354537830000001,1.495673697,1.577373589,1493.7247300000001,0.090021453,201.49317380000002,311.3863151,275.89948119999997,338.3796177,26.12527322,71.067375,812.5440549,0.11457849,1617.3629449999999,123.63821670000002,670.7154628,823.009265,0.0007862327390739998,0.142279295141469
92,93,93,PARK MESA HEIGHTS CC,http://www.pmhcc90043.org/Home.html,http://empowerla.org/PMHCC,PMHCC@EmpowerLA.org,213-978-1551,80,2002-03-23T00:00:00.000Z,PARK MESA HEIGHTS CC,navigatela/reports/nc_reports.cfm?id=80,REGION 10 - SOUTH LA 1,4.1452769993,PARK MESA HEIGHTS CC,2493.37445,2469.127053,316.79776160000006,1590.57503,14.34883044,24.94980682,3.448997213,761.8194971,439.4148126,103.83920920000001,1146.678151,1346.6963,147.68513240000001,156.21280900000002,180.98793830000002,196.7272728,169.44354669999998,296.0790982,332.72961560000005,380.3840069,297.9408335,188.3654608,106.34795120000001,40.47078454,1.380126496,1.284837684,1.4524628640000001,894.1259077,0.09782475300000001,102.5502765,156.310004,150.83053,143.31475690000002,32.91768273,135.2197811,591.93282,0.118800285,949.9806,55.85469731,474.6641212,419.4617865,0.000718381229035,0.158141739020462
93,94,94,ZAPATA KING NC,http://www.zapatakingnc.org/,http://empowerla.org/ZKNC, ,213-978-1551,125,2015-02-03T00:00:00.000Z,ZAPATA KING NC,navigatela/reports/nc_reports.cfm?id=125,REGION 9 - SOUTH LA 2,3.0670133452200004,ZAPATA KING NC,4850.16076,4914.4605,1539.00936,719.8144055,55.75827274,19.37122167,1.0400674890000001,4060.136217,2317.355144,197.81228180000002,2481.575949,2368.5848100000003,481.1143312,432.29939620000005,434.9859688,465.7418506,432.0041796,828.2770383999999,698.6973711,544.7001797,306.8340664,134.87965690000001,66.38647238,24.24024707,1.095546152,1.08450774,1.1076524159999999,1060.236263,0.175666037,61.24630011,65.60937956,362.39309460000004,106.3260472,94.02619712,202.62287859999998,882.7927766,0.180950577,1141.20208,80.96581824,292.18409180000003,768.0521715,0.000531427647729,0.092071652697955
94,95,101,GREATER ECHO PARK ELYSIAN NC,http://gepenc.org/,http://empowerla.org/GEPENC,GEPENC@EmpowerLA.org,213-978-1551,44,2002-04-16T00:00:00.000Z,GREATER ECHO PARK ELYSIAN NC,navigatela/reports/nc_reports.cfm?id=44,REGION 7 - EAST,5.71770655732,GREATER ECHO PARK ELYSIAN NC,3064.115823,3156.4145519999997,1368.93491,98.40472716,25.05140316,819.6315677,3.521052692,1331.71768,606.8072043,141.7649582,1546.5584900000001,1517.557334,170.0617949,150.8791632,156.7816668,176.2385254,236.96066800000003,623.6759645,523.5393366000001,403.6970839,303.0953921,182.6470228,96.18122953,40.35797549,1.6814429309999999,1.639696112,1.7063279530000002,1170.6145689999998,0.11106189300000001,173.45319840000002,164.9142052,199.30726059999998,192.98728,35.55997408,82.09845985,622.9090225,0.140110942,1255.634731,85.02016155,330.39093239999994,840.2236369999999,0.000989799508488,0.17780318653944702
95,96,102,HOLLYWOOD UNITED NC,http://www.hollywoodunitednc.org/,http://empowerla.org/HUNC,HUNC@EmpowerLA.org,213-978-1551,30,2002-10-15T00:00:00.000Z,HOLLYWOOD UNITED NC,navigatela/reports/nc_reports.cfm?id=30,REGION 5 - CENTRAL 1,4.755259243899999,HOLLYWOOD UNITED NC,3406.066561,3437.329072,2632.988472,165.618091,10.45233734,288.4281713,3.147870585,489.6830243,156.3854904,149.046129,1822.6628489999998,1583.4037119999998,137.3119051,102.7445741,84.42759956,127.4344416,257.7036089,674.3317659,659.1219976,520.2357389,426.2013727,220.4354372,135.1074948,61.01062513,11.09279729,13.8766978,8.854903493,1726.753389,0.48934881399999997,399.0200852,326.3889572,161.810437,304.925945,33.36672741,63.82638379,663.547591,0.5911667070000001,1972.247857,245.4944676,813.5899991,913.16339,0.0008227989442280001,0.132229374797485
96,97,103,HERMON NC,http://www.hermonla.org/,http://empowerla.org/hnc/,,,126,2017-05-25T00:00:00.000Z,HERMON NC,navigatela/reports/nc_reports.cfm?id=126,REGION 8 - NORTH EAST LA,0.693406445002,HERMON NC,24128.05443,24613.800890000002,11237.2309,935.2223939999999,239.7882707,6203.1660409999995,16.99748497,10220.54132,4284.679072999999,1210.97027,11837.91423,12290.1402,1305.56413,1332.187756,1538.391087,1414.7233,1326.6530300000002,3243.45425,3760.0983189999997,3713.178097,3078.71281,1809.621157,1142.557366,462.9131317,19.97036758,19.6160188,20.33687954,9016.139169,1.329180381,933.0006983,1265.42407,1946.60293,2280.462078,249.1069349,628.9579771000001,5951.895959,1.612156503,9448.11834,431.97916730000003,5714.34176,3301.79741,0.00011999949947499999,0.055035428080484
